('1', 'guest','Chung  Kristina H.','32422','1',"'2c2c5fd01b61e3e0e687573af8f7e1fa'),"
('2', 'guest','Chen  Paige H','19731','2',"'d5a92a68f9af953b26eafb935a054ce7'),"
('3', 'admin','Melton  Sherri E.','7040','3',"'1def1713ebf17722cbe300cfc1c88558'),"
('4', 'guest','Hill  Gretchen I.','27117','4',"'9aea3c940f8665926c97b3d3c64ace44'),"
('5', 'user','Puckett  Karen U.','14426','5',"'fc5f86251458722c799d1830fa0c2c1f'),"
('6', 'user','Song  Patrick O.','1735','6',"'c4492cbe90fbdbf88a5aec486aa81ed5'),"
('7', 'user','Hamilton  Elsie A.','21812','7',"'82aafca3e03771835c2e1acb19fde2d4'),"
('8', 'user','Bender  Hazel E.','9121','8',"'94fee470b43270a912c27d56c27b3211'),"
('9', 'moderator','Wagner  Malcolm A.','29198','9',"'df584d514eb49beffdd8b37311204fc9'),"
('10', 'moderator','McLaughlin  Dolores C.','16507','10',"'800502ddc965d56e79f6545ee7c75f50'),"
('11', 'user','McNamara  Francis C.','3816','11',"'c911241d00294e8bb714eee2e83fa475'),"
('12', 'moderator','Raynor  Sandy A.','23893','12',"'1f3ecb87f576752202975d3e0b868bdc'),"
('13', 'moderator','Moon  Marion O.','11202','13',"'fe998b49c41c4208c968bce204fa1cbb'),"
('14', 'guest','Woodard  Beth O.','31279','14',"'53787d42c3aacb84dd97baa865a42eab'),"
('15', 'guest','Desai  Julia E.','18588','15',"'a6eea5aa95cc31102ab50d87b12ccde0'),"
('16', 'guest','Wallace  Jerome A.','5897','16',"'f9fd5ec4c141a95257aa99ef1b590672'),"
('17', 'guest','Lawrence  Neal A.','25974','17',"'7a9caff9ca745d67b4115660429d3bf3'),"
('18', 'guest','Griffin  Jean R.','13283','18',"'28aec02f231f4c4baa9a4a58ae139710'),"
('19', 'guest','Dougherty  Kristine O.','592','19',"'dbe272bab69f8e13f14b405e038deb64'),"
('20', 'guest','Powers  Crystal O.','20669','20',"'f3daeb3f5adba78ac940110c1de68ec0'),"
('21', 'guest','May  Alex A.','7978','21',"'3e5190eeb51ebe6c5bbc54ee8950c548'),"
('22', 'guest','Steele  Eric T.','28055','22',"'c9a4268367a43297ba960eb5bd78155c'),"
('23', 'guest','Teague  Wesley E.','15364','23',"'7a50f770e0e910d3beffd653f7c4197e'),"
('24', 'guest','Vick  Franklin I.','2673','24',"'88fee0421317424e4469f33a48f50cb0'),"
('25', 'guest','Gallagher  Claire A.','22750','25',"'3d2d30960eae9770a232641d29158db0'),"
('26', 'guest','Solomon  Marian O.','10059','26',"'e7ba053d8ba932b77348b3987ea0e40b'),"
('27', 'guest','Walsh  Marcia A.','30136','27',"'cb804af641d900ffe033193d2b7c4a84'),"
('28', 'guest','Monroe  Dwight O.','17445','28',"'bad1243bb55ded10b82e6e9b33321897'),"
('29', 'guest','Connolly  Wayne O.','4754','29',"'84899ae725ba49884f4c85c086f1b340'),"
('30', 'guest','Hawkins  Stephanie A.','24831','30',"'7273e671a40fa9f0d3867d1098d5ac6e'),"
('31', 'guest','Middleton  Neal I.','12140','31',"'8bff390dadc80bbeca7bc73193de2355'),"
('32', 'guest','Goldstein  Gretchen O.','32217','32',"'5b18caad9f604f12b0705acba0ed409e'),"
('33', 'guest','Watts  Tim A.','19526','33',"'1fa45560203c0ddd8267bfbd029d49c3'),"
('34', 'guest','Johnston  Jerome O.','6835','34',"'a992995ef4f0439b258f2360dbb85511'),"
('35', 'guest','Weeks  Shelley E.','26912','35',"'3f9aa18413f2cd71eed355ca12da7315'),"
('36', 'guest','Wilkerson  Priscilla I.','14221','36',"'266c430a5f40c90947ba9db582a37f54'),"
('37', 'guest','Barton  Elsie A.','1530','37',"'cb8acb1dc9821bf74e6ca9068032d623'),"
('38', 'guest','Walton  Beth A.','21607','38',"'ab64c7ef8d0578f7dd1acb6d064a61cd'),"
('39', 'guest','Hall  Erica A.','8916','39',"'c688defd45ad6638febd469adb09ddf7'),"
('40', 'guest','Ross  Douglas O.','28993','40',"'f4431fbd60ca4a4e72238472ebb7c421'),"
('41', 'guest','Chung  Donald H.','16302','41',"'9ef7f0360a59458d3fc8146ac7df4c71'),"
('42', 'guest','Bender  Katherine E.','3611','42',"'4cf33e18ede11b79827bc78b7f2075ae'),"
('43', 'guest','Woods  Paul O.','23688','43',"'1595ff9d30722c171e13e74e4a1455c2'),"
('44', 'guest','Mangum  Patricia A.','10997','44',"'8eb51d0a68e9373df41f88e5b551d4a3'),"
('45', 'guest','Joseph  Lois O.','31074','45',"'004acbc8eefec9fe0629b15f52b94bcf'),"
('46', 'guest','Rosenthal  Louis O.','18383','46',"'f7c4382ef2abd84bbe5297f34f5e3ae4'),"
('47', 'guest','Bowden  Christina O.','5692','47',"'b597460c506e8e35fb0cc1c1905dd3bc'),"
('48', 'guest','Barton  Darlene A.','25769','48',"'bbc57478f9bdc47a0126f9e93343346d'),"
('49', 'guest','Underwood  Harvey N.','13078','49',"'7dc7538f41cbee2be86aa2559ade080c'),"
('50', 'guest','Jones  William O.','387','50',"'8efb100a295c0c690931222ff4467bb8'),"
('51', 'guest','Baker  Frederick A.','20464','51',"'d2e22de393035b574c1bacd64fdd6879'),"
('52', 'guest','Merritt  Shirley E.','7773','52',"'09eb27dec1a45d92f229228204ea7201'),"
('53', 'guest','Cross  Jason R.','27850','53',"'db6a22a1feb7e1fd383a93b757538380'),"
('54', 'guest','Cooper  Judith O.','15159','54',"'ff2fd343aadac082034cc28e08000f82'),"
('55', 'guest','Holmes  Gretchen O.','2468','55',"'e82c4b19b8151ddc25d4d93baf7b908f'),"
('56', 'guest','Sharpe  Don H.','22545','56',"'b8fa7fd38331444b05aa54244bd029b1'),"
('57', 'guest','Morgan  Glenda O.','9854','57',"'749cf0d496c3e96f583f603825652f8a'),"
('58', 'guest','Hoyle  Scott O.','29931','58',"'4cfbfb28ee66aceab7be17065ebdb6e5'),"
('59', 'guest','Allen  Pat L.','17240','59',"'d87e487d05fcd326aa4ce217a82ec593'),"
('60', 'guest','Rich  Michelle I.','4549','60',"'3eb2f1a06667bfb9daba7f7effa0284b'),"
('61', 'guest','Rich  Jessica I.','24626','61',"'cbfa5e2e4c9c4aaf2309e86e6726b274'),"
('62', 'guest','Grant  Evan R.','11935','62',"'1a59ef90d1ea801448e1567d0896a99f'),"
('63', 'guest','Proctor  Melinda R.','32012','63',"'955fda27a2b8c63b1a738968656ce939'),"
('64', 'guest','Diaz  Calvin I.','19321','64',"'8945e380613d55b5fc2968c42b1a58fd'),"
('65', 'guest','Graham  Eugene R.','6630','65',"'4de1ed74128a96a8b5900186486aacba'),"
('66', 'guest','Watkins  Vickie A.','26707','66',"'2bbb6e4fb82cc56a8124b8e4dc22a28e'),"
('67', 'guest','Hinton  Luis I.','14016','67',"'a793d307441615af6aaad7497a75de59'),"
('68', 'guest','Marsh  Allan A.','1325','68',"'3546ab441e56fa333f8b44b610d95691'),"
('69', 'guest','Hewitt  Melanie E.','21402','69',"'231e3d1635ff621b8c1c3a9f5c0b2b20'),"
('70', 'guest','Branch  Marianne R.','8711','70',"'fd9e2ae32b53addc06c63208be3aaa43'),"
('71', 'guest','Walton  Natalie A.','28788','71',"'33a7dc86f60ef6b8228c9df8a7e68d30'),"
('72', 'guest','O''Brien  Caroline ''.','16097','72',"'00a1793212795f6d222f69250c639cb7'),"
('73', 'guest','Case  Arlene A.','3406','73',"'32fdab6559cdfa4f167f8c31b9199643'),"
('74', 'guest','Watts  Kyle A.','23483','74',"'cb9233ed32223e52344649be4f3d1147'),"
('75', 'guest','Christensen  Calvin H.','10792','75',"'bd3718ad4dd5db3dfa2037ccd7e52309'),"
('76', 'guest','Parks  Gary A.','30869','76',"'dbea0e6a82f856ae53f9c827665af265'),"
('77', 'guest','Hardin  Samantha A.','18178','77',"'821e779cfa8e08b266028c1955cf8ab7'),"
('78', 'guest','Lucas  Sara U.','5487','78',"'139042a4157a773f209847829d80894d'),"
('79', 'guest','Eason  Stacy A.','25564','79',"'d2f8a028891ab3c7e90238798117e99d'),"
('80', 'guest','Davidson  Gladys A.','12873','80',"'08b90c2ebcce5d7f46176eb7c05af0ea'),"
('81', 'guest','Whitehead  Mike H.','182','81',"'4c5bde74a8f110656874902f07378009'),"
('82', 'guest','Rose  Lynne O.','20259','82',"'0a890abf09b6ef953734969c6aeee8d4'),"
('83', 'guest','Sparks  Faye P.','7568','83',"'088660d31e3314b1c5817fa45e9f25f1'),"
('84', 'guest','Moore  Diana O.','27645','84',"'d5e714549e9937f437d4fc2edf35b8fb'),"
('85', 'guest','Pearson  Leon E.','14954','85',"'3fe89c9f9000fc1e58862236bf409d13'),"
('86', 'guest','Rodgers  Ethel O.','2263','86',"'26505e0494662534f633586941b77d0c'),"
('87', 'guest','Graves  Steve R.','22340','87',"'3e4ad5698e12b6ac4241a6c144dc822e'),"
('88', 'guest','Scarborough  Alison C.','9649','88',"'7c2c48a32443ad8f805e48520f3b26a4'),"
('89', 'guest','Sutton  Sherri U.','29726','89',"'5e9f086b776d10c51ad89ed3c61f9329'),"
('90', 'guest','Sinclair  Patsy I.','17035','90',"'58ef9df15219a07d73b176b3e664d735'),"
('91', 'guest','Bowman  Kelly O.','4344','91',"'3c7417b8df0daf23f39f445e740c7a43'),"
('92', 'guest','Olsen  Stacy L.','24421','92',"'f1ab4591a72bfca2da721ca61a6e9569'),"
('93', 'guest','Love  Curtis O.','11730','93',"'7d9151910198dc0e9938f28d90b3723a'),"
('94', 'guest','McLean  Dana C.','31807','94',"'4eec603b40c78b0390abbd2bec778563'),"
('95', 'guest','Christian  Jennifer H.','19116','95',"'dd2bdf6cb881176bc2c0c568e1a180fa'),"
('96', 'guest','Lamb  Brett A.','6425','96',"'93963474edfd08f1f1e7244f663b4708'),"
('97', 'guest','James  Brandon A.','26502','97',"'c1020880214e7bbf222d0069b7c77cb7'),"
('98', 'guest','Chandler  Keith H.','13811','98',"'729404b28f3bd32761c667a668453f4c'),"
('99', 'guest','Stout  Joann T.','1120','99',"'c6036a69be21cb660499b75718a3ef24'),"
('100', 'guest','Cowan  Ronnie O.','21197','100',"'2f288d64ad0efe3ebc5f7ad1a464299c'),"
('101', 'guest','Golden  Scott O.','8506','101',"'254a5ecb7ac40cc6c8ff9402f37eb585'),"
('102', 'guest','Bowling  Gene O.','28583','102',"'bce7eb531624fefb054b7dbf7472740e'),"
('103', 'guest','Beasley  Louise E.','15892','103',"'8fb276fc273796ca929b7fc45c2bc661'),"
('104', 'guest','Clapp  Geoffrey L.','3201','104',"'24ec8468b67314c2013d215b77034476'),"
('105', 'guest','Abrams  Patricia B.','23278','105',"'f7d231711d490bcbf845df42c7eb6096'),"
('106', 'guest','Tilley  Jennifer I.','10587','106',"'244c14ea3d510ea640df31ff78b3158a'),"
('107', 'guest','Morse  Mary O.','30664','107',"'253491938bb22e1044113ffca7e322ee'),"
('108', 'guest','Boykin  Shawn O.','17973','108',"'619d6b6bff9a5152560ae73fb2264006'),"
('109', 'guest','Sumner  Vincent U.','5282','109',"'91e82999cf7e45da1070ebd673690716'),"
('110', 'guest','Cassidy  Kurt A.','25359','110',"'a87f31924667bd8487ff800ff1829df1'),"
('111', 'guest','Davidson  Danny A.','12668','111',"'354680832fcea7e2b7057a5ac2c489f8'),"
('112', 'guest','Heath  Charlene E.','32745','112',"'960e22c062e54ee98c07ce83a5e39cff'),"
('113', 'guest','Blanchard  Alice L.','20054','113',"'aed56e569b6d56dc436e9c9d9bce42dd'),"
('114', 'guest','McAllister  Joan C.','7363','114',"'18085327b86002fc604c323b9a07f997'),"
('115', 'guest','McKenzie  Betty C.','27440','115',"'3af6ea3031831159e1a10433860e2e47'),"
('116', 'guest','Byrne  Danny Y.','14749','116',"'e1dd47cc816ac88ccd8100451384c97a'),"
('117', 'guest','Schroeder  Peggy C.','2058','117',"'1359aa933b48b754a2f54adb688bfa77'),"
('118', 'guest','Griffin  Leslie R.','22135','118',"'38f0db9ef29020483020043156f8009d'),"
('119', 'guest','Gross  Marshall R.','9444','119',"'d148c06273c73ec0461b6f82575ef353'),"
('120', 'guest','Perkins  Sara E.','29521','120',"'4bc2d171e7cff7fa3c2c4bd0bf5dabc4'),"
('121', 'guest','Robertson  Martha O.','16830','121',"'0672340d6136be227ea1cbc63fa221b2'),"
('122', 'guest','Palmer  Jack A.','4139','122',"'440924c5948e05070663f88e69e8242b'),"
('123', 'guest','Brady  Gayle R.','24216','123',"'ec23187ecc4e0c6eb40cd187db4a865c'),"
('124', 'guest','Rowe  Benjamin O.','11525','124',"'8f12c31d57e0867629470d478cfba8ff'),"
('125', 'guest','Zhang  Roberta H.','31602','125',"'4223c8eb2036814ce6c0a9b2d3bf41c1'),"
('126', 'guest','Hodge  Patricia O.','18911','126',"'f2691acb7745bc99f9015f0953200cf1'),"
('127', 'guest','Li  Clifford I.','6220','127',"'90cc440b1b8caa520c562ac4e4bbcb51'),"
('128', 'guest','Bowling  Joanne O.','26297','128',"'a2fa685f91421d4b7698f2399dcb1700'),"
('129', 'guest','Justice  Martin U.','13606','129',"'4acbedbe977480d19b7b682d4878cae2'),"
('130', 'guest','Glass  Toni L.','915','130',"'24896ee4c6526356cc127852413ea3b4'),"
('131', 'guest','Willis  Beth I.','20992','131',"'0b025724175e671bc969bdaca29ddc46'),"
('132', 'guest','Hester  Jessica E.','8301','132',"'1e79596878b2320cac26dd792a6c51c9'),"
('133', 'guest','Floyd  Samantha L.','28378','133',"'daf94f1c25809886095022d124aaf1fa'),"
('134', 'guest','Graves  Jimmy R.','15687','134',"'2d7710310f322c7eb9f02786439149d1'),"
('135', 'guest','Fischer  Vincent I.','2996','135',"'f40438b554cc0e3d96ee6064c5798f55'),"
('136', 'guest','Norman  Dianne O.','23073','136',"'432bb7cac8a262cdea28cb357545d50a'),"
('137', 'guest','Chan  Rhonda H.','10382','137',"'9c274b1e7ffd2213a3dfc155d8aee560'),"
('138', 'guest','Hunt  Tamara U.','30459','138',"'897c1eac194eb7db41acc4c73d04bf9e'),"
('139', 'guest','Byrd  Mary Y.','17768','139',"'5934fb298c20ed0de061d2e53a686f1e'),"
('140', 'guest','Lane  Sidney A.','5077','140',"'2e855f9489df0712b4bd8ea9e2848c5a'),"
('141', 'guest','Kaplan  Jeff A.','25154','141',"'d21555f006e86254e92c2b77463def4f'),"
('142', 'guest','Heller  Sandra E.','12463','142',"'76e2d26f0496e090a9ad7d94c3128e2a'),"
('143', 'guest','May  Katie A.','32540','143',"'f2fe423b71e1f13b47c8da3aebd12ad1'),"
('144', 'guest','Jennings  Raymond E.','19849','144',"'bb633eed6f972501da3ea6d9eb9d5e77'),"
('145', 'guest','Hanna  Roger A.','7158','145',"'af0a59d77edf6e178ec25cb090df864b'),"
('146', 'guest','Locklear  Natalie O.','27235','146',"'7acce0f7501ebb1f74878d577f16cfd6'),"
('147', 'guest','Holloway  Kathy O.','14544','147',"'2c5baeed3fd870447056fc00bf792427'),"
('148', 'guest','Jones  Troy O.','1853','148',"'7503cfacd12053d309b6bed5c89de212'),"
('149', 'guest','Glover  Neal L.','21930','149',"'f7e7ab490f2e8981228ca95a758349ea'),"
('150', 'guest','Vick  Martin I.','9239','150',"'5aa3405a3f865c10f420a4a7b55cbff3'),"
('151', 'guest','O''Donnell  Jack ''.','29316','151',"'7500bbe7e791e2d3a19f61cf43b87b99'),"
('152', 'guest','Goldman  Vincent O.','16625','152',"'abff833e69ceda5b038c0f2b98d71525'),"
('153', 'guest','McKenna  Beth C.','3934','153',"'f8f122d50eba11c3af5607575b277bc6'),"
('154', 'guest','Starr  Milton T.','24011','154',"'2baec31fde8a031a2b64ca6254f8726c'),"
('155', 'guest','Stone  Tamara T.','11320','155',"'813b6a28cc4ac72d244266161e3e2eb4'),"
('156', 'guest','McClure  Mitchell C.','31397','156',"'344da4009ef2bab9620f67c8e3a337b5'),"
('157', 'guest','Watson  Franklin A.','18706','157',"'8b92d91e16ea83d7e1445c852d32e724'),"
('158', 'guest','Monroe  Leroy O.','6015','158',"'5a378f8490c8d6af8647a753812f6e31'),"
('159', 'guest','Abbott  Glen B.','26092','159',"'9c10d235bc6941125446942ec2c0d999'),"
('160', 'guest','Singer  Judith I.','13401','160',"'7cf68b210274ef46d38b0cd76e059af6'),"
('161', 'guest','Hall  Alice A.','710','161',"'e70611883d2760c8bbafb4acb29e3446'),"
('162', 'guest','Farrell  Bruce A.','20787','162',"'a1f46c591a7f820502944b52ab87e7ee'),"
('163', 'guest','Lucas  Kathleen U.','8096','163',"'a95aa4e62b22c9bc5bca4e83cadfaa82'),"
('164', 'guest','Norman  Amy O.','28173','164',"'d80f8d2f11bbd1a8ab728b02fa3cd66a'),"
('165', 'guest','Atkins  Ronnie T.','15482','165',"'a2a750ff64f34c66249d0f7d3dd42004'),"
('166', 'guest','Monroe  Martha O.','2791','166',"'ad82140cafe816c41a9c9974e9240b7a'),"
('167', 'guest','Robertson  Lynn O.','22868','167',"'33952922bfba1ea30d03cfe18e5d8862'),"
('168', 'guest','Sykes  Jose Y.','10177','168',"'373f32fe149adc95e1dae88d8993a678'),"
('169', 'guest','Reid  Robert E.','30254','169',"'58e36f59f7e532acacf9cb6ef1ab91b9'),"
('170', 'guest','Chandler  Pauline H.','17563','170',"'b952fb76427d6ab439fbd2b78f691ba5'),"
('171', 'guest','Finch  Stephen I.','4872','171',"'02b5b45ce743bc3f285ec4d39b5968c3'),"
('172', 'guest','Hobbs  Peggy O.','24949','172',"'2ff9dc13024f20c0d3cf1f9474c5a03f'),"
('173', 'guest','Adkins  Donna D.','12258','173',"'500739868ce9f7f0857260404eab4d41'),"
('174', 'guest','Kinney  Doris I.','32335','174',"'74061f08793737e9374dd85cd2233d3c'),"
('175', 'guest','Whitaker  Ben H.','19644','175',"'c5218f6c84f93bd3d2d9a888a720ccd9'),"
('176', 'guest','Alexander  Kristin L.','6953','176',"'5e34a2b4c23f4de585fb09a7f546f527'),"
('177', 'guest','Conner  Ryan O.','27030','177',"'ee2ce2b68e8909ca92ffea6598099cbe'),"
('178', 'guest','Waters  Tracey A.','14339','178',"'1d4db1fbfe9d6377c9226ff1e48b90ce'),"
('179', 'guest','Becker  Mark E.','1648','179',"'7437d136770f5b35194cb46c1653efaa'),"
('180', 'guest','Rollins  Louis O.','21725','180',"'0b49a9811e1fc2a3b5eebf2411061887'),"
('181', 'guest','Love  Janet O.','9034','181',"'3ba07b63865ffdcc83f484c6749df719'),"
('182', 'guest','Adkins  Leo D.','29111','182',"'ad041f9b96370d724c8a8400350276ed'),"
('183', 'guest','Black  Constance L.','16420','183',"'ef03f9befce99cb2f42f3569760b8e78'),"
('184', 'guest','Fox  Sarah O.','3729','184',"'cb16b8498f74ba6b6a6873518624168c'),"
('185', 'guest','Hatcher  Gladys A.','23806','185',"'5b6f6f2df2bd1f461a19c19f65161223'),"
('186', 'guest','Wu  Hazel U.','11115','186',"'d7dcd79b773dc85c89b84862cdedb6cf'),"
('187', 'guest','Lloyd  Hazel L.','31192','187',"'f230c4cd39d680d4cde59248861bdf9d'),"
('188', 'guest','Joyce  Jerome O.','18501','188',"'813b02a0d7aae51c1a84fca601b52cad'),"
('189', 'guest','Welch  Vincent E.','5810','189',"'4c7a167bb329bd92580a99ce422d6fa6'),"
('190', 'guest','Matthews  Kim A.','25887','190',"'bfce8236677a94e0c332929d9755c756'),"
('191', 'guest','Chappell  Joseph H.','13196','191',"'91a448039265fc4a83f545a4945e37a3'),"
('192', 'guest','MacDonald  Alison A.','505','192',"'e8c0653fea13f91bf3c48159f7c24f78'),"
('193', 'guest','Kane  Eric A.','20582','193',"'d97dfe4d6bab44f304da189cdcb5bc74'),"
('194', 'guest','Butler  Heather U.','7891','194',"'efb3d8be0319721ef751da0b05d9f6a5'),"
('195', 'guest','Pickett  Claire I.','27968','195',"'e6eb4c2fedeb246841d5b95592cb1218'),"
('196', 'guest','Bowman  Michele O.','15277','196',"'971bbe989ad132e834b0ccb3f32e92ee'),"
('197', 'guest','Barton  Terry A.','2586','197',"'c57168a952f5d46724cf35dfc3d48a7f'),"
('198', 'guest','Kennedy  Ken E.','22663','198',"'c552d8ac4662b89375926e15727fc7ed'),"
('199', 'guest','Branch  Judy R.','9972','199',"'35675fd71a153bf3baab29b904e525c8'),"
('200', 'guest','Thornton  Clyde H.','30049','200',"'14f5c9b660813801b453b5903af18ca7'),"
('201', 'guest','McNeill  Timothy C.','17358','201',"'7ffe81740cade70f9263a9975441c473'),"
('202', 'guest','Weinstein  Ted E.','4667','202',"'fbad540b2f3b5638a9be9aa6a4d8e450'),"
('203', 'guest','Middleton  Sandra I.','24744','203',"'8591efe6006d839c23452153789dc667'),"
('204', 'guest','Moss  Billie O.','12053','204',"'8b8f66308ee7c3ad5d1031a5721f0753'),"
('205', 'guest','Lucas  Katharine U.','32130','205',"'dfe55b7e653dffe936a78a08bbe0af8e'),"
('206', 'guest','Rich  Lester I.','19439','206',"'e4601a1f7793686473dbf4d61eb4a42c'),"
('207', 'guest','Carlton  Johnny A.','6748','207',"'dde16b86c64390f0af01275a44d3a42d'),"
('208', 'guest','Brady  Ashley R.','26825','208',"'20ab3465d85c1a8a408d7d0897f12cc8'),"
('209', 'guest','Schultz  Lauren C.','14134','209',"'93f9300df9dc1885893e1f5377735509'),"
('210', 'guest','Nichols  Carolyn I.','1443','210',"'8fb5f8be2aa9d6c64a04e3ab9f63feee'),"
('211', 'guest','Harvey  Louis A.','21520','211',"'0810699abe09927a03a8b5a0247c6797'),"
('212', 'guest','Stevenson  Charlene T.','8829','212',"'384cb854644425079baeec43aa82534f'),"
('213', 'guest','Houston  Ashley O.','28906','213',"'71f7e51efde5fe99cc2d6dbd64e1319c'),"
('214', 'guest','Dunn  Sheryl U.','16215','214',"'030862565f5882a522a10504b2c90dc9'),"
('215', 'guest','West  Ben E.','3524','215',"'a9de093d0622ed782d267fa3f1953228'),"
('216', 'guest','O''Brien  Linda ''.','23601','216',"'b96f540007bf630f2e84ef707fdc3dfa'),"
('217', 'guest','Barr  Sarah A.','10910','217',"'08e5d8066881eab185d0de9db3b36c7f'),"
('218', 'guest','Snyder  Brett N.','30987','218',"'bbe0c3bf910dea29774c3926f51b7f91'),"
('219', 'guest','Cain  Dana A.','18296','219',"'5f166bff56d6b9e02e5351478ee99f49'),"
('220', 'guest','Heath  Rebecca E.','5605','220',"'7abdfbd11b37a9f822fb1ffefb860a31'),"
('221', 'guest','Boswell  Glenda O.','25682','221',"'3d8338aae982b9c8be5f66ff9b91823e'),"
('222', 'guest','Olsen  Glen L.','12991','222',"'6a54289b29ceb58cb7609cc50e0dc1c8'),"
('223', 'guest','Pittman  Don I.','300','223',"'94f6d7e04a4d452035300f18b984988c'),"
('224', 'guest','Weiner  Gregory E.','20377','224',"'4504e3eeff19b74f4b08e248e5b4ead0'),"
('225', 'guest','Petersen  Randy E.','7686','225',"'fbd3230f4d8dcf11a06b19fd0cfd8ef1'),"
('226', 'guest','Davis  Geraldine A.','27763','226',"'f894de0e96476139a9bd8386cfa2527d'),"
('227', 'guest','Coleman  Edna O.','15072','227',"'0a90e4944afb2476c3021501c165a937'),"
('228', 'guest','Terrell  Sidney E.','2381','228',"'7b66b4fd401a271a1c7224027ce111bc'),"
('229', 'guest','Norman  Faye O.','22458','229',"'2ec189dffa38b370a90ab64599937111'),"
('230', 'guest','Burch  Kathy U.','9767','230',"'e720a515b9da87288d569caa68f42bc1'),"
('231', 'guest','Weiner  Marguerite E.','29844','231',"'2fd4b0a57a11e9f959ca41f96c2f0711'),"
('232', 'guest','Parrott  Marvin A.','17153','232',"'83348779460c0e343cf5903bde2f4611'),"
('233', 'guest','Henry  Alex E.','4462','233',"'0b5e29aa1acf8bdc5d8935d7036fa4f5'),"
('234', 'guest','Gray  Alexander R.','24539','234',"'362f8f0b92dca64b17777aea3bdc13d4'),"
('235', 'guest','Chang  Marsha H.','11848','235',"'397d991d3c5b8183562b39b2fab837b2'),"
('236', 'guest','McLean  Karl C.','31925','236',"'4f0adf8dde494dff7c0c6ed4df420520'),"
('237', 'guest','Eason  Laura A.','19234','237',"'b3b2e5e6e33a19aa35fe31321adc3100'),"
('238', 'guest','Weeks  Melinda E.','6543','238',"'12bcd658ef0a540cabc36cdf2b1046fd'),"
('239', 'guest','Siegel  Eva I.','26620','239',"'441694bca94ce6bfd816d7a73ad020ec'),"
('240', 'guest','Puckett  Robert U.','13929','240',"'ff3d65f00548c4e0c189bb01825f832e'),"
('241', 'guest','Heath  Bill E.','1238','241',"'d38901788c533e8286cb6400b40b386d'),"
('242', 'guest','Hoyle  Edna O.','21315','242',"'c3fdcb6bbc2bd6e8263cceb41c22b64b'),"
('243', 'guest','Garrett  Clifford A.','8624','243',"'16c0d78ef6a76b5c247113a4c9514059'),"
('244', 'guest','Neal  Penny E.','28701','244',"'a5ae76409740d5b7536719ff1d14cb1f'),"
('245', 'guest','Baker  Glenda A.','16010','245',"'67a20639726a041ddbbd0f78e010f78b'),"
('246', 'guest','Goldman  Arthur O.','3319','246',"'8a1d694707eb0fefe65871369074926d'),"
('247', 'guest','Shaffer  Wesley H.','23396','247',"'229b98b8f89fc6c194aa8bdb0b4b8c55'),"
('248', 'guest','Choi  Allison H.','10705','248',"'dc1913d422398c25c5f0b81cab94cc87'),"
('249', 'guest','Carver  Florence A.','30782','249',"'4bf5d7d2a1bc51d753fecf97244464a2'),"
('250', 'guest','Shelton  Claire H.','18091','250',"'8d9d4a6ada2203326292becd8a961dc9'),"
('251', 'guest','House  Jeremy O.','5400','251',"'8466a2b43729c29dcd7cc0fdfa1a9e7a'),"
('252', 'guest','Lyons  Christy Y.','25477','252',"'f91f4d061c663e30e058cb62bd7e4ec5'),"
('253', 'guest','Moser  Wesley O.','12786','253',"'5dacab03c06f42f75c3f21a2c9f98997'),"
('254', 'guest','Dickinson  Lucy I.','95','254',"'812b4ba287f5ee0bc9d43bbf5bbe87fb'),"
('255', 'guest','Abbott  Susan B.','20172','255',"'f90654f7011632c097f4bed609c869f7'),"
('256', 'guest','Hobbs  Nancy O.','7481','256',"'8860e834a67da41edd6ffe8a1c58fa55'),"
('257', 'guest','Dodson  Monica O.','27558','257',"'fcec608f0259e123aa4c88a4a51abc50'),"
('258', 'guest','Spencer  Justin P.','14867','258',"'c113d499cd1461d6bc2f2db7c99fcd47'),"
('259', 'guest','Burgess  Margaret U.','2176','259',"'0234c510bc6d908b28c70ff313743079'),"
('260', 'guest','Liu  Philip I.','22253','260',"'0959768e03df8e636579e41f3f9d2ea2'),"
('261', 'guest','Wong  Miriam O.','9562','261',"'92c4661685bf6681f6a33b78ef729658'),"
('262', 'guest','Blackburn  Miriam L.','29639','262',"'3e59bff2aa24cd053805ecbe01cbdf7d'),"
('263', 'guest','McKay  Christopher C.','16948','263',"'2ce936697d47f1f420dc6eb29b546e1c'),"
('264', 'guest','Middleton  Joanna I.','4257','264',"'c5e1ab9c931df8f5e4c5a8aa53837d52'),"
('265', 'guest','Frazier  Stacy R.','24334','265',"'bf6423635e56a99e9df17852c6bfadca'),"
('266', 'guest','Reid  Janice E.','11643','266',"'8ce8ac3252f7a8981a64d5a473e48ea0'),"
('267', 'guest','Braswell  Brian R.','31720','267',"'0ff9d78576b6c07d814ae5daab2e8d28'),"
('268', 'guest','Steele  Juan T.','19029','268',"'dffa5b524eb9e13af2378a34612ddc03'),"
('269', 'guest','Donovan  Leroy O.','6338','269',"'5648d7fb4f1ea9a69fd10fccacd7d007'),"
('270', 'guest','Barrett  Tommy A.','26415','270',"'3aef625160d85a9fc3b52f3be4474ed5'),"
('271', 'guest','Nance  Alice A.','13724','271',"'e1e4fdbce97bad3d9230fb606165dc1b'),"
('272', 'guest','Washington  Adam A.','1033','272',"'e17184bcb70dcf3942c54e0b537ffc6d'),"
('273', 'guest','Rogers  Larry O.','21110','273',"'5434d832e0dd3baab78c581eb7414b31'),"
('274', 'guest','McMahon  Angela C.','8419','274',"'3016a447172f3045b65f5fc83e04b554'),"
('275', 'guest','Miles  Lawrence I.','28496','275',"'206bde0d66915a51fe13c59741767e9c'),"
('276', 'guest','Kramer  Glen R.','15805','276',"'252e98b185707e595a7c40e615c0da8c'),"
('277', 'guest','Jennings  Valerie E.','3114','277',"'bbb001ba009ed11717eaec9305b2feb6'),"
('278', 'guest','Bowles  Meredith O.','23191','278',"'5194b07beb1d4a9c1ab854cc5621ea12'),"
('279', 'guest','Brown  Jan R.','10500','279',"'b4e62d5681b956d7cf98e467f6427ae4'),"
('280', 'guest','Bolton  Lillian O.','30577','280',"'33d9022b6e806066b261ae31dfcc9646'),"
('281', 'guest','Craven  Allen R.','17886','281',"'4e9682671e5f02af659a48d15ee19ab2'),"
('282', 'guest','Hendrix  Ashley E.','5195','282',"'0b96d81f0494fde5428c7aea243c9157'),"
('283', 'guest','Nichols  Ian I.','25272','283',"'59d1292ff905b655ed6033847fa6176e'),"
('284', 'guest','Saunders  Gina A.','12581','284',"'e2575ed7d2c481c414c10e688bcbc4cf'),"
('285', 'guest','Lehman  Donna E.','32658','285',"'8e7e22dad3557b815916a9cb97707f07'),"
('286', 'guest','Sherrill  Catherine H.','19967','286',"'b60adcb70283fea07596c9a73ddfb899'),"
('287', 'guest','Cash  Lester A.','7276','287',"'f7b027d45fd7484f6d0833823b98907e'),"
('288', 'guest','Pittman  Jacob I.','27353','288',"'340906ef68f7888651490d4b3798ec70'),"
('289', 'guest','Sullivan  Nancy U.','14662','289',"'47d3158fe13ecae94d599d4973a374e8'),"
('290', 'guest','Whitehead  Gail H.','1971','290',"'de73998802680548b916f1947ffbad76'),"
('291', 'guest','Mack  Lloyd A.','22048','291',"'2bee829bed9516889344bb4a675d7e38'),"
('292', 'guest','Rice  Donna I.','9357','292',"'c535e3a7f97daf1c4b1eb03cc8e31623'),"
('293', 'guest','Ayers  Kay Y.','29434','293',"'b084182f10cd8031300234c7551ef710'),"
('294', 'guest','Cherry  Wendy H.','16743','294',"'21eca1b8f66e8247daca8dd2fecd844c'),"
('295', 'guest','Richmond  Lucille I.','4052','295',"'90525e70b7842930586545c6f1c9310c'),"
('296', 'guest','York  Virginia O.','24129','296',"'78c58f11547724e65c6fde2ddc7dfdfc'),"
('297', 'guest','Wiley  Bruce I.','11438','297',"'7a799f9c485e4b911fb1c78cb7e753e5'),"
('298', 'guest','Harrington  Marc A.','31515','298',"'eaa8c9c3ac9ad5a1d863d20da580a0a3'),"
('299', 'guest','Reed  Geoffrey E.','18824','299',"'2425ad56cc45acbd2fc44f149d69a9b8'),"
('300', 'guest','Nash  Tiffany A.','6133','300',"'c5df4f4eabf1cbcfeb50fbbf97c5289f'),"
('301', 'guest','Wilkerson  Todd I.','26210','301',"'79976930d5b363b51b6e7557ac2dafd2'),"
('302', 'guest','Kent  Jill E.','13519','302',"'4843444b2cd1c2d4b2b261e396c5da4a'),"
('303', 'guest','Finch  Erin I.','828','303',"'c2626d850c80ea07e7511bbae4c76f4b'),"
('304', 'guest','Starr  Melinda T.','20905','304',"'e8760be71b19d90afe733c79daedb7eb'),"
('305', 'guest','Holland  Julie O.','8214','305',"'8b048efecbe64fe76045e0109de0c2f1'),"
('306', 'guest','Glover  Stanley L.','28291','306',"'18e3edde68ba02d261c04c136b08484c'),"
('307', 'guest','Clements  Karen L.','15600','307',"'196268d973fe71025e5e9a9b6ef4c6f1'),"
('308', 'guest','Schultz  Judy C.','2909','308',"'b5b03f06271f8917685d14cea7c6c50a'),"
('309', 'guest','Hawley  Raymond A.','22986','309',"'f98aea1a7f1f5baef69a73b9a5e5d956'),"
('310', 'guest','Skinner  Julie K.','10295','310',"'3e53ca3d4e69bc938071715257cc62b9'),"
('311', 'guest','Hamrick  Sue A.','30372','311',"'2e8b0ad62c8a9f3c5af58a346076e638'),"
('312', 'guest','Winters  Colleen I.','17681','312',"'3f54346a0ad0508b8829bbecff61f297'),"
('313', 'guest','Dolan  Judith O.','4990','313',"'1f8fe28e9283d7b5300af087a298f200'),"
('314', 'guest','Turner  Luis U.','25067','314',"'d6b572a5481f1708192a1dc09ded07fe'),"
('315', 'guest','Beatty  Bradley E.','12376','315',"'ff7cc29289db44861ce4b3e5e56fe234'),"
('316', 'guest','Douglas  Glenda O.','32453','316',"'594111d37c181b0b4751bce524a94c4b'),"
('317', 'guest','Byrne  Brent Y.','19762','317',"'f6ec706c08a1f5eb01539dafdc14b4a3'),"
('318', 'guest','Hendricks  Clyde E.','7071','318',"'059d9e01176ab2f0892fe2215835bf19'),"
('319', 'guest','Mayer  Sharon A.','27148','319',"'596fe0710b7cd683ba38a087bce66ecf'),"
('320', 'guest','Cochran  Mary O.','14457','320',"'95a372b63ab8641f092e77acc9bf468c'),"
('321', 'guest','Reilly  Sue E.','1766','321',"'96a93ba89a5b5c6c226e49b88973f46e'),"
('322', 'guest','Jensen  Geraldine E.','21843','322',"'f4e6bccbee6057b26de5f252fa76f847'),"
('323', 'guest','Yates  Rita A.','9152','323',"'db27a2459bbd1a02bc74db649d9759bd'),"
('324', 'guest','Haynes  Annie A.','29229','324',"'8648eb472d453171a22482f5ce0fe653'),"
('325', 'guest','Harmon  Ruth A.','16538','325',"'32584cb3c0aa494ce2174107b1c4b539'),"
('326', 'guest','Matthews  Michelle A.','3847','326',"'a3048e47310d6efaa4b1eaf55227bc92'),"
('327', 'guest','Dawson  Heather A.','23924','327',"'d8f8cd1f80e55b18ad115e0263c5989b'),"
('328', 'guest','Barefoot  Jane A.','11233','328',"'60e4ac6a656ef4b4fd82aaaf25f14736'),"
('329', 'guest','Kaplan  Wallace A.','31310','329',"'68f049a23ab109c6a0f6989bb9a02994'),"
('330', 'guest','Gross  Kimberly R.','18619','330',"'68f5f3544600e4839d80e3e5be1b9b09'),"
('331', 'guest','Richmond  Jon I.','5928','331',"'8ae1da0fe37c98412768453f82490da2'),"
('332', 'guest','Pope  Lee O.','26005','332',"'7c4adcc64d2bf63bb210855dfa8871a5'),"
('333', 'guest','Pickett  Kenneth I.','13314','333',"'5410e4439f038b0cb96884b2700faad4'),"
('334', 'guest','Schwartz  Keith C.','623','334',"'a733fa9b25f33689e2adbe72199f0e62'),"
('335', 'guest','Singleton  Jim I.','20700','335',"'fbac73ac90d57d8f3faedbe9004233b0'),"
('336', 'guest','Ballard  Steven A.','8009','336',"'74627b65e6e6a4c21e06809b8e02114a'),"
('337', 'guest','Spivey  Pauline P.','28086','337',"'5497d34aeeed8c74dc8146b00c1ed489'),"
('338', 'guest','Denton  Marc E.','15395','338',"'0e2e84a82d94dc94d5749d44d4c6c73b'),"
('339', 'guest','Huff  Kerry U.','2704','339',"'81c2f886f91e18fe16d6f4e865877cb6'),"
('340', 'guest','Mangum  Lynne A.','22781','340',"'334d3bd3e5a6b1b08ef6cda3ab7243c9'),"
('341', 'guest','Berger  Claude E.','10090','341',"'4392e631da381761421d5e1e0c3de25f'),"
('342', 'guest','McCall  Rose C.','30167','342',"'865476c5e0cd0523e326757deceaae4a'),"
('343', 'guest','Pollard  Kathy O.','17476','343',"'669682950cf309c75581fb49f3e2cef2'),"
('344', 'guest','Garcia  Catherine A.','4785','344',"'1d0787d664c95f8c2adb1da311af3c78'),"
('345', 'guest','Wagner  Frances A.','24862','345',"'a6a4398accc1bec791a19e262725bee3'),"
('346', 'guest','Crane  Diana R.','12171','346',"'ec4de54f2f3afa14175e5eabfc16ce1f'),"
('347', 'guest','Wolf  Leslie O.','32248','347',"'2462b9b1bd83b589c5b262d72a395c4f'),"
('348', 'guest','Crane  Marian R.','19557','348',"'7da995c4475a937dfdd1dbc776850f36'),"
('349', 'guest','Dalton  Russell A.','6866','349',"'c600b4b49faa3a2a165242e90ca21ac3'),"
('350', 'guest','Diaz  Sheryl I.','26943','350',"'8a019a04a3042593fec469ff979be507'),"
('351', 'guest','Currin  Lewis U.','14252','351',"'dce30dee7d6980c287d5c2992de9b752'),"
('352', 'guest','Stanton  Ernest T.','1561','352',"'b132ecc1609bfcf302615847c1caa69a'),"
('353', 'guest','Carey  Vivian A.','21638','353',"'3b847a075d85556882ccb050e82ab665'),"
('354', 'guest','Li  Harold I.','8947','354',"'d0f82e1046ccbd597c7f2a7bfba9e7dd'),"
('355', 'guest','Chan  Malcolm H.','29024','355',"'614b785e10cceb93fb854958a5f93d1f'),"
('356', 'guest','Hess  Kay E.','16333','356',"'624599f957d8f8f9a7d42bffa8206575'),"
('357', 'guest','Robinson  Max O.','3642','357',"'300d1539c3b6aa1793b5678b857732cf'),"
('358', 'guest','Mills  Vicki I.','23719','358',"'1a944d032cfa82fd3fccb56ba18fb914'),"
('359', 'guest','Bender  Leon E.','11028','359',"'f9e70773c750b0b4ef0b7b2a0b07fe67'),"
('360', 'guest','McDonald  Alvin C.','31105','360',"'10b83e434ddcd9c79ad2b9be2fd0aa84'),"
('361', 'guest','Moore  Jacob O.','18414','361',"'f743456c2e829c48b24c85ebd8024eba'),"
('362', 'guest','Fox  Holly O.','5723','362',"'d94fd74dcde1aa553be72c1006578b23'),"
('363', 'guest','Lanier  Audrey A.','25800','363',"'6d4a2c2688cbf0b68a09db10bf21c4f0'),"
('364', 'guest','Harris  Christina A.','13109','364',"'afeae7504d214a43ca689bc1d0999930'),"
('365', 'guest','Underwood  Joseph N.','418','365',"'d1f255a373a3cef72e03aa9d980c7eca'),"
('366', 'guest','Parsons  Evelyn A.','20495','366',"'715a4f8bb21abbd684d51711fa65b830'),"
('367', 'guest','Vaughn  Nicholas A.','7804','367',"'a11da6bd58b95b334f8cd49f00918f16'),"
('368', 'guest','Banks  Ben A.','27881','368',"'421b6c7bd8b9288a148d2c3431b6692b'),"
('369', 'guest','Sherrill  Dorothy H.','15190','369',"'b327c02ddad53e2fbb1c163884ae837f'),"
('370', 'guest','Oakley  Theresa A.','2499','370',"'cd10c7f376188a4a2ca3e8fea2c03aeb'),"
('371', 'guest','Rubin  Harriet U.','22576','371',"'a5311ea250c069821a160b1badc69ab8'),"
('372', 'guest','Maynard  Barry A.','9885','372',"'dfbbdd2f1838330476c63189fe6bf2ac'),"
('373', 'guest','Hill  Jerome I.','29962','373',"'2d00ce98adf1abcedcf3cecb0859343a'),"
('374', 'guest','Livingston  Jason I.','17271','374',"'5cd8270fa6b6f7b7e7ee19ab22b8024a'),"
('375', 'guest','Lam  Norman A.','4580','375',"'3ac48664b7886cf4e4ab4aba7e6b6bc9'),"
('376', 'guest','Thompson  Glen H.','24657','376',"'fe6dee4bb454be55d5d06531e9229aef'),"
('377', 'guest','Creech  Ellen R.','11966','377',"'8897600d344dd1febe525fd4f7a4e0c3'),"
('378', 'guest','Dillon  Dianne I.','32043','378',"'b603b38a17f369ddc973b3a9045943de'),"
('379', 'guest','Foster  Harry O.','19352','379',"'384aa2c2ca5996fc30438d97a5550988'),"
('380', 'guest','Starr  Tim T.','6661','380',"'d1ac549dbfdec4a0d49baec903648bb4'),"
('381', 'guest','Roy  Kent O.','26738','381',"'423e44c6ee3fc6678aefa0f854160482'),"
('382', 'guest','Barbour  Eddie A.','14047','382',"'0c14d9e1250da76981b5fac734227f0a'),"
('383', 'guest','Burke  Arnold U.','1356','383',"'980ecd059122ce2e50136bda65c25e07'),"
('384', 'guest','Ritchie  Melanie I.','21433','384',"'26f442e45f3939150bec252fdc0f6466'),"
('385', 'guest','Odom  Ronald D.','8742','385',"'6b1a864b240fc77e3a901e3470b243f9'),"
('386', 'guest','Pearce  Gene E.','28819','386',"'6452782166334798a0364267bcc94422'),"
('387', 'guest','Rosenberg  Peter O.','16128','387',"'8a5058234fc3c1cdbb0e54c3fbdaeb33'),"
('388', 'guest','Garrett  Jean A.','3437','388',"'c2f32522a84d5e6357e6abac087f1b0b'),"
('389', 'guest','O''Connor  Neal ''.','23514','389',"'0a743fa0de869f27f06d695734781401'),"
('390', 'guest','Cates  Tracy A.','10823','390',"'1f47cef5e38c952f94c5d61726027439'),"
('391', 'guest','McIntosh  Holly C.','30900','391',"'2d5421eb54f4118e3b933e87baa6cc1c'),"
('392', 'guest','Olson  Emma L.','18209','392',"'11110cf64018697137cadb77b6aee9f8'),"
('393', 'guest','Cox  Molly O.','5518','393',"'add5aebfcb33a2206b6497d53bc4f309'),"
('394', 'guest','Erickson  Carlos R.','25595','394',"'8ce775011594ec03637d00941664b79c'),"
('395', 'guest','Chang  Betsy H.','12904','395',"'ef0e27f5a8bf73583a680da7f20ef5e9'),"
('396', 'guest','Briggs  Andrew R.','213','396',"'979d472a84804b9f647bc185a877a8b5'),"
('397', 'guest','Klein  Bill L.','20290','397',"'fdba1a7e539c5c1cce7293fe6ae09ee6'),"
('398', 'guest','Goldberg  Eileen O.','7599','398',"'9b0ead00a217ea2c12e06a72eec4923f'),"
('399', 'guest','Hinson  Randall I.','27676','399',"'5ffd53ae71eb2693352a7c03c3cfd93c'),"
('400', 'guest','Weiss  Kelly E.','14985','400',"'88150b98b01e91a6c22f9b864b066985'),"
('401', 'guest','Pritchard  Elaine R.','2294','401',"'229754d7799160502a143a72f6789927'),"
('402', 'guest','Goldman  Rhonda O.','22371','402',"'3ac1fc4ea518c8f25ef3366bf240395a'),"
('403', 'guest','Lassiter  Leo A.','9680','403',"'f62f37c43535b2178316a7f9b9533b10'),"
('404', 'guest','Massey  Clarence A.','29757','404',"'a49ab7f57366ac88e823ae316a39e6fb'),"
('405', 'guest','Stark  Grace T.','17066','405',"'88a8871c1d2ca3b035772f10bee42950'),"
('406', 'guest','Dunlap  Jordan U.','4375','406',"'f06ae085fe74cd78ad5e89496b197fe1'),"
('407', 'guest','Humphrey  Glenda U.','24452','407',"'8a662c4cd8df28eeda49c30da8bcb92c'),"
('408', 'guest','Singleton  Jacob I.','11761','408',"'e0f66d3186154abe76960f9e394c4621'),"
('409', 'guest','Horowitz  Jordan O.','31838','409',"'34d9bc930a015793c49566b023b6ae9f'),"
('410', 'guest','Lutz  Dawn U.','19147','410',"'0a4afc550434c2fa75a83a3fbdb408d0'),"
('411', 'guest','Hoover  Joanna O.','6456','411',"'198dd5fb9c43b2d29a548f8c77e85cf9'),"
('412', 'guest','Kang  Sandra A.','26533','412',"'ec151b6ecbb40275f4ac68bc99635554'),"
('413', 'guest','Melton  Stephen E.','13842','413',"'ebd58b8a3f1d72f4206201da62fb1204'),"
('414', 'guest','Teague  Jessica E.','1151','414',"'f197002b9a0853eca5e046d9ca4663d5'),"
('415', 'guest','Ellington  Regina L.','21228','415',"'ea4617226119a78dda076158cbaef41d'),"
('416', 'guest','Cherry  Paige H.','8537','416',"'5c843bd82838f70b8321b95e2f1a84ef'),"
('417', 'guest','Jennings  Joyce E.','28614','417',"'4f6cb5f6a3723a126aa3cae19027a2f8'),"
('418', 'guest','Creech  Tamara R.','15923','418',"'fcf77efc6ffefda49699bc9188e0a933'),"
('419', 'guest','Lynn  Toni Y.','3232','419',"'12e086066892a311b752673a28583d3f'),"
('420', 'guest','Albright  Betty L.','23309','420',"'3654931f0cd92dc81d286bea428667a7'),"
('421', 'guest','Alston  Jerry L.','10618','421',"'39b1b0fc4a4f43d604bbb161072120b9'),"
('422', 'guest','Burnette  Tommy U.','30695','422',"'5ed9dcf3d3d3dd8712866e81ddeaa03d'),"
('423', 'guest','O''Neal  Alan ''.','18004','423',"'e14f2c0c9152f1c78681652ff1189f2b'),"
('424', 'guest','Morris  Christina O.','5313','424',"'c7d0e7e2922845f3e1185d246d01365d'),"
('425', 'guest','Lutz  Dean U.','25390','425',"'93dd84d3f9b0cc34957a3d9166d2d75e'),"
('426', 'guest','Callahan  Veronica A.','12699','426',"'129ccfc1c1a82b0b23d4473a72373a0a'),"
('427', 'guest','Conway  Kelly O.','8','427',"'c9f0f895fb98ab9159f51fd0297e236d'),"
('428', 'guest','Harvey  Marcus A.','20085','428',"'9a3e594b26056b67a02cac0e510393d1'),"
('429', 'guest','Watson  Carrie A.','7394','429',"'230e41009413a5a96013ae108300afd2'),"
('430', 'guest','Glover  George L.','27471','430',"'2300b63af8665d2c9b6944135776f084'),"
('431', 'guest','Savage  Nina A.','14780','431',"'2c962286fbefcdacf78ceaef61c6c3fe'),"
('432', 'guest','Henson  Paige E.','2089','432',"'bf424cb7b0dea050a42b9739eb261a3a'),"
('433', 'guest','Wang  Jay A.','22166','433',"'a88a2c9bca07bad961f1e3264e3fe61c'),"
('434', 'guest','Ellis  Sue L.','9475','434',"'b2df0a0d4116c55f81fd5aa1ef876510'),"
('435', 'guest','Barbour  Brenda A.','29552','435',"'407c81ae411f5e0a5c4a5b62c0ca9770'),"
('436', 'guest','Sherrill  Joshua H.','16861','436',"'23d3743ad75e4470e7ff7129351a9541'),"
('437', 'guest','Pierce  Nelson I.','4170','437',"'adc8ca1b15e20915c3ea6008fc2f52ed'),"
('438', 'guest','Woodward  Vincent O.','24247','438',"'b0545e6b6d8155dbab4bed76d44bf754'),"
('439', 'guest','Godfrey  Nicholas O.','11556','439',"'c7b711619071c92bef604c7ad68380dd'),"
('440', 'guest','Langston  Hannah A.','31633','440',"'0dd552b30e0889e7fffcc386e3508484'),"
('441', 'guest','Eaton  Alice A.','18942','441',"'94febc12ef3e7fc6326a0a43d4f930c5'),"
('442', 'guest','Lowe  Elisabeth O.','6251','442',"'9ac1382fd8fc4b631594aa135d16ad75'),"
('443', 'guest','Stanton  Matthew T.','26328','443',"'60b997fd68261ce70cadaf6c8226c042'),"
('444', 'guest','Fuller  Thomas U.','13637','444',"'0c48ff739d86fc927eeb6b53379cb782'),"
('445', 'guest','Simmons  Benjamin I.','946','445',"'c8c41c4a18675a74e01c8a20e8a0f662'),"
('446', 'guest','Schultz  Kristine C.','21023','446',"'393418aa6851c719aac2d2d6216f5159'),"
('447', 'guest','Knight  Jordan N.','8332','447',"'2b515e2bdd63b7f034269ad747c93a42'),"
('448', 'guest','Klein  Guy L.','28409','448',"'da03a6389035b1470aa3d49b3ba4360c'),"
('449', 'guest','Garcia  Terry A.','15718','449',"'679635e8efe21e055ae3693f6145f298'),"
('450', 'guest','Schroeder  Floyd C.','3027','450',"'b922ede9c9eb9eabec1c1fecbdecb45d'),"
('451', 'guest','Hess  Russell E.','23104','451',"'d1aad48723acc40982b008f41d334de0'),"
('452', 'guest','Gold  Marsha O.','10413','452',"'ff12592a08c792faa97fd3d2dc40f1cd'),"
('453', 'guest','Hensley  Kim E.','30490','453',"'3688c640bfeed975b53e4bca4d1b72b0'),"
('454', 'guest','Turner  Virginia U.','17799','454',"'b54b3dca23a2737365dc418ab508152b'),"
('455', 'guest','French  Deborah R.','5108','455',"'4eff0720836a198b6174eecf02cbfdbf'),"
('456', 'guest','Hughes  Peter U.','25185','456',"'619d2a97e00bebf0853705dc8973c56a'),"
('457', 'guest','Pate  Bernard A.','12494','457',"'89f8f214774c7ec55bdbf7912c9ee04a'),"
('458', 'guest','Burnett  Harold U.','32571','458',"'13e4cde78ea68b1ca7e7c195ec5ba25e'),"
('459', 'guest','Francis  Gretchen R.','19880','459',"'2e15c92cadb8f2b006c03d7a189231be'),"
('460', 'guest','Horn  Cheryl O.','7189','460',"'db2de541293171af2b0ccdf7c64d72d4'),"
('461', 'guest','Forrest  Audrey O.','27266','461',"'3669893e96798cd68787cd735c4edec1'),"
('462', 'guest','Levin  Alan E.','14575','462',"'960b18a4c3fc9dd4f67bb76cf988cb2e'),"
('463', 'guest','Weiner  Wayne E.','1884','463',"'f0fcf351df4eb6786e9bb6fc4e2dee02'),"
('464', 'guest','Durham  Nancy U.','21961','464',"'02d796bfb1ab131efd76050ff25865b6'),"
('465', 'guest','Guthrie  Peter U.','9270','465',"'250473494b245120a7eaf8b2e6b1f17c'),"
('466', 'guest','Hensley  Benjamin E.','29347','466',"'5896580fef0fba59f84ab5a2f3d3664d'),"
('467', 'guest','Freedman  Derek R.','16656','467',"'dc7b367cfb9b38b3558bd127ad5c6696'),"
('468', 'guest','Wiggins  Marlene I.','3965','468',"'db9ad56c71619aeed9723314d1456037'),"
('469', 'guest','Best  Clara E.','24042','469',"'fdb6188f12524bade185eee34ddb0aaf'),"
('470', 'guest','Beatty  Ashley E.','11351','470',"'7f46c947fb6d99b46df4e2181237e2d0'),"
('471', 'guest','Crawford  Kara R.','31428','471',"'0d87a1c0ff1500e3c4febc7582848dc2'),"
('472', 'guest','Drake  Kristin R.','18737','472',"'f8f6b523ba28dcc12b82576b0d694d18'),"
('473', 'guest','Curtis  Edwin U.','6046','473',"'73a427badebe0e32caa2e1fc7530b7f3'),"
('474', 'guest','Walter  Molly A.','26123','474',"'54b352116069f22a7b46fb2e2917732a'),"
('475', 'guest','Dunlap  Marshall U.','13432','475',"'51ff210a6efc641a4a5722c7b311deac'),"
('476', 'guest','Jenkins  Elaine E.','741','476',"'2e65f2f2fdaf6c699b223c61b1b5ab89'),"
('477', 'guest','Hood  Victor O.','20818','477',"'2a2f13e91831079a55086634ccd42e03'),"
('478', 'guest','Ellis  Tonya L.','8127','478',"'5934c1ec0cd31e12bd9084d106bc2e32'),"
('479', 'guest','Jiang  Cecil I.','28204','479',"'ecbc7b96b9ec7951187d0da02230773d'),"
('480', 'guest','Johnson  Melissa O.','15513','480',"'70c96c4ef725a5fd488815d60a1ec206'),"
('481', 'guest','Craig  Christina R.','2822','481',"'0172d289da48c48de8c5ebf3de9f7ee1'),"
('482', 'guest','Norman  Allison O.','22899','482',"'c3d69d6cb156570e7116785863dcdddd'),"
('483', 'guest','McIntyre  Gretchen C.','10208','483',"'acb55f9af76808c5fd5522dcdb519fde'),"
('484', 'guest','Brantley  Bonnie R.','30285','484',"'773ac275840384ef9c3704eae98ff82a'),"
('485', 'guest','Kelley  George E.','17594','485',"'a0e9cab17a035c5ad4c817c25188e195'),"
('486', 'guest','Smith  Barbara M.','4903','486',"'769c3bce651ce5feaa01ce3b75986420'),"
('487', 'guest','Lyons  Evelyn Y.','24980','487',"'6a0e4d2996f4d0a603dbbb30d0b0f17b'),"
('488', 'guest','Wall  Rita A.','12289','488',"'ff3f6b76fcf005c7632abe3eb4df6263'),"
('489', 'guest','Quinn  Dan U.','32366','489',"'8ac95544093983249829baf38f28cb25'),"
('490', 'guest','Hicks  Juan I.','19675','490',"'4c0a5218724f1f0c224737be2cbe8661'),"
('491', 'guest','Garrison  Jesse A.','6984','491',"'d6539d3b57159babf6a72e106beb45bd'),"
('492', 'guest','Watts  Ronnie A.','27061','492',"'3dc91c9313038ce8c97966f7f4194aac'),"
('493', 'guest','Dickerson  Hilda I.','14370','493',"'8497c3b1d034ce7aaf059804b5c88db6'),"
('494', 'guest','Waller  Stephen A.','1679','494',"'e6384711491713d29bc63fc5eeb5ba4f'),"
('495', 'guest','Carter  Lorraine A.','21756','495',"'8ad4c739093f61fa17107d24ddbb4492'),"
('496', 'guest','Robinson  Chris O.','9065','496',"'b9b72b29352f3764ea4dec130772bd9d'),"
('497', 'guest','Katz  Katie A.','29142','497',"'9d825897e9782df267d7e97eed9cc5b8'),"
('498', 'guest','Hull  Richard U.','16451','498',"'a27e3f0172e92acc4ae5edb208992313'),"
('499', 'guest','Bowling  Steve O.','3760','499',"'27e8e17134dd7083b050476733207ea1'),"
('500', 'guest','Brantley  Monica R.','23837','500',"'35d4f69ad714757ec15987abf27fbf05'),"
('501', 'guest','Brock  Kenneth R.','11146','501',"'9c42d4338e4e653d3ad3f12340edf005'),"
('502', 'guest','James  Leigh A.','31223','502',"'3e1e19f4445b3d8bf303f4771e6973e6'),"
('503', 'guest','McMillan  Glenda C.','18532','503',"'44a59c1d9ff9b07e68ccf0903d4806d5'),"
('504', 'guest','Hu  Ricky U.','5841','504',"'5fc34ed307aac159a30d81181c99847e'),"
('505', 'guest','Waller  Rick A.','25918','505',"'d9ac1fc532da6646901e9b30ba8964dd'),"
('506', 'guest','Abbott  Wanda B.','13227','506',"'0c74cc4886ecdb7908471597547fe946'),"
('507', 'guest','McKee  Heidi C.','536','507',"'65658fde58ab3c2b6e5132a39fae7cb9'),"
('508', 'guest','Waters  Robin A.','20613','508',"'8cd9bd436016ed5c9dc55702631cd7ff'),"
('509', 'guest','Sims  Dan I.','7922','509',"'2cd2915e69546904e4e5d4a2ac9e1652'),"
('510', 'guest','Henderson  Kathy E.','27999','510',"'abdd2931b521ccf6f0f80f7d6a540928'),"
('511', 'guest','Rao  Alicia A.','15308','511',"'a2fe4a2da6142e344912c6636a8f4758'),"
('512', 'guest','Bray  Sherry R.','2617','512',"'75e33da9b103b7b91dcd8da0abe1354b'),"
('513', 'guest','Scarborough  Chris C.','22694','513',"'2279b01a87d3193171af55ee407cb8df'),"
('514', 'guest','Ford  Nathan O.','10003','514',"'f5dffc111454b227fbcdf36178dfe6ac'),"
('515', 'guest','Blum  Sidney L.','30080','515',"'e29b0e21fb5035674413d42d83931ca9'),"
('516', 'guest','Kenney  Clyde E.','17389','516',"'36f9d490114303cd7debf20548fc6888'),"
('517', 'guest','Gordon  Barry O.','4698','517',"'1068bceb19323fe72b2b344ccf85c254'),"
('518', 'guest','Blair  Shannon L.','24775','518',"'32a9499124964b7f18c19a85d13c1a05'),"
('519', 'guest','Moore  Melinda O.','12084','519',"'8caa4453ee0a54b9cc35641a1044b3ca'),"
('520', 'guest','Kemp  Maureen E.','32161','520',"'f76864d0b42c3e0713278dd6cd49c502'),"
('521', 'guest','Hutchinson  Pat U.','19470','521',"'6e36488879b32f4729f9fd0d64d224a0'),"
('522', 'guest','Brennan  Neal R.','6779','522',"'42299f06ee419aa5d9d07798b56779e2'),"
('523', 'guest','Little  Anne I.','26856','523',"'aa45ea35cbdcb42012f2bf55012a0624'),"
('524', 'guest','Gill  Clifford I.','14165','524',"'2d280461b029134123f1f1a356e176b1'),"
('525', 'guest','Keller  Nicole E.','1474','525',"'7d6044e95a16761171b130dcb476a43e'),"
('526', 'guest','Rosenthal  Rachel O.','21551','526',"'70c6abb042b76f871a354c8b9f597139'),"
('527', 'guest','McConnell  Carolyn C.','8860','527',"'22bb543b251c39ccdad8063d486987bb'),"
('528', 'guest','Sawyer  Samuel A.','28937','528',"'bb01328b7c80115379ecf1765e027c36'),"
('529', 'guest','McCall  Theodore C.','16246','529',"'f00ca20f88ef7d8e844f1ceb79fa99e4'),"
('530', 'guest','Coates  Eleanor O.','3555','530',"'22b1cd168ec628442b3d4dc00fca434b'),"
('531', 'guest','Hicks  Glenn I.','23632','531',"'1fd3b109321e7d1a99dd4cb213d3abb8'),"
('532', 'guest','Davidson  Wesley A.','10941','532',"'f18288b44fa19637ee5476ac4cdc77d8'),"
('533', 'guest','Hawkins  Ralph A.','31018','533',"'fd04261dba31ac3aca7bed16b57444b8'),"
('534', 'guest','Lindsay  Annie I.','18327','534',"'5ae3088a39db099a794b27097418ac71'),"
('535', 'guest','Gonzalez  Beth O.','5636','535',"'203cb085a5c2c3faf8e4f60131817256'),"
('536', 'guest','Gray  Claire R.','25713','536',"'a390ff7af39b581d079075b5f848662e'),"
('537', 'guest','English  Jonathan N.','13022','537',"'250202b148644c266354b266afe7b9d6'),"
('538', 'guest','Duke  Bradley U.','331','538',"'6da37dd3139aa4d9aa55b8d237ec5d4a'),"
('539', 'guest','Webb  Hugh E.','20408','539',"'215755794610b6b55e6a27f3f200bb50'),"
('540', 'guest','Baldwin  Nicholas A.','7717','540',"'0d22da4bd124d386f5546323c45bc924'),"
('541', 'guest','Lamb  Penny A.','27794','541',"'4c524a05dcf524174f747e4006689e8f'),"
('542', 'guest','Shaffer  Gloria H.','15103','542',"'a3cdf7cabc49ea4612b126ae2a30ecbf'),"
('543', 'guest','Wang  Kelly A.','2412','543',"'186fb23a33995d91ce3c2212189178c8'),"
('544', 'guest','Burgess  Tommy U.','22489','544',"'38225eda9bcf2606642402111288fc24'),"
('545', 'guest','Smith  Danielle M.','9798','545',"'e21cece511f43a5cb18d4932429915ed'),"
('546', 'guest','Fletcher  Calvin L.','29875','546',"'b98e5a6e50fe75d799e9e9cd27f756b6'),"
('547', 'guest','Boyd  Emily O.','17184','547',"'da5dc4875e3401ea2bd35ee8f56277a6'),"
('548', 'guest','Hirsch  Luis I.','4493','548',"'438124b4c06f3a5caffab2c07863b617'),"
('549', 'guest','Currie  Kimberly U.','24570','549',"'49abc8446790de821277fd78a4e41bb9'),"
('550', 'guest','McKenzie  Paige C.','11879','550',"'5226ac4e0683ad4f37000ec897761687'),"
('551', 'guest','Weber  Sidney E.','31956','551',"'88083dbfcee5080bb9f38e21107efd08'),"
('552', 'guest','Honeycutt  Robert O.','19265','552',"'bb319a954eef4a99b72e60f9b295f123'),"
('553', 'guest','Manning  Karen A.','6574','553',"'4eb0194ddf4d6c7a72dca4fd3149e92e'),"
('554', 'guest','Bolton  Kyle O.','26651','554',"'2f4d94b16f8c4b40c845fa69fd0c4dc4'),"
('555', 'guest','Ritchie  Mary I.','13960','555',"'570f6ff5228e5ab43af45555c8710998'),"
('556', 'guest','Baldwin  Evelyn A.','1269','556',"'e00406144c1e7e35240afed70f34166a'),"
('557', 'guest','Riley  Lynda I.','21346','557',"'5143180850f3d452b4fdb79ba467636e'),"
('558', 'guest','Swanson  Beth W.','8655','558',"'099fe6b0b444c23836c4a5d07346082b'),"
('559', 'guest','Huffman  Erin U.','28732','559',"'4b84a4fbb709d5887d092b74ee5d6724'),"
('560', 'guest','Gibson  James I.','16041','560',"'3e49d4ec10aad7c623659c37e011665a'),"
('561', 'guest','Yates  Leigh A.','3350','561',"'b7ee0d0d4d5ef995aae0fc691e6d840d'),"
('562', 'guest','Wrenn  Jordan R.','23427','562',"'6e3fb941ca1038c290e10cbad98f494b'),"
('563', 'guest','Green  Willie R.','10736','563',"'2db9f30839751e6714522e71cdad18b5'),"
('564', 'guest','Harris  Wade A.','30813','564',"'9f07f48cb91caf26dc0e4d76caac2826'),"
('565', 'guest','Hayes  Lori A.','18122','565',"'6110f81cb5fe9566dec78d1dbf08a8dc'),"
('566', 'guest','Hamrick  Charlotte A.','5431','566',"'f18224a1adfb7b3dbff668c9b655a35a'),"
('567', 'guest','Hawley  Rhonda A.','25508','567',"'10040e35d752d892c85d2b19ade4a477'),"
('568', 'guest','Koch  Steve O.','12817','568',"'410a0338f4f2038cfa92723d64c52900'),"
('569', 'guest','McKenzie  Nicholas C.','126','569',"'069059b7ef840f0c74a814ec9237b6ec'),"
('570', 'guest','Harrell  Vicki A.','20203','570',"'701df7b874ea6eae443cb81e9e069735'),"
('571', 'guest','Parsons  Stephanie A.','7512','571',"'161c5c5ad51fcc884157890511b3c8b0'),"
('572', 'guest','McGuire  Jose C.','27589','572',"'ddccf393356f010bc68c23d9bc76e917'),"
('573', 'guest','Stephenson  George T.','14898','573',"'722bdebbbc5e6f165bdb8a939be2a35f'),"
('574', 'guest','Baxter  Marlene A.','2207','574',"'4aecfbe5d21e3f7912bf8eb29124423a'),"
('575', 'guest','Summers  Catherine U.','22284','575',"'803815bbe0f321b3e4476f9af5fbe16f'),"
('576', 'guest','Welch  Carrie E.','9593','576',"'fd11043c50c15f9e700a52b3f00136f8'),"
('577', 'guest','Nixon  Leo I.','29670','577',"'c5f03386978cf62ddb7f2f46e9bd5790'),"
('578', 'guest','Kelly  Rita E.','16979','578',"'be0cd90e56b967892768ed6f52cf9e7b'),"
('579', 'guest','Sumner  Joan U.','4288','579',"'7ec12aa91918c9b6e577c1ae18a0a34b'),"
('580', 'guest','Cobb  Marsha O.','24365','580',"'4a86dd8f0c2c59144c9ead3d39b393f8'),"
('581', 'guest','Bruce  Wesley R.','11674','581',"'fc50322932b29b26cfc46fd9a91ec474'),"
('582', 'guest','Newton  Cathy E.','31751','582',"'13a69ec888022968c96b79f48f62fd2a'),"
('583', 'guest','Rogers  Kevin O.','19060','583',"'8f2ba96517924ee3d08ec132c4bad818'),"
('584', 'guest','Sanchez  Craig A.','6369','584',"'0599ed8cdae6949af69385a4b59ff0dc'),"
('585', 'guest','Finch  Lester I.','26446','585',"'01edfe9e99c2cb54c987700056bda338'),"
('586', 'guest','Silverman  Joy I.','13755','586',"'fa3ac9e7b5e2ed174bc1104f1c9ec9b6'),"
('587', 'guest','Horn  Kate O.','1064','587',"'2290a7385ed77cc5592dc2153229f082'),"
('588', 'guest','Richardson  Bernice I.','21141','588',"'ecd4232a467c3085d7fa1302a827caa9'),"
('589', 'guest','Gay  Theodore A.','8450','589',"'f80ebff16ccaa9b48a0224d7c489cef4'),"
('590', 'guest','Chase  Cheryl H.','28527','590',"'b6e8c5451a2f2a81cf2dc6a7ca9903ea'),"
('591', 'guest','Gallagher  Jamie A.','15836','591',"'652ea064e0352bd940d881f815c03175'),"
('592', 'guest','Kern  Audrey E.','3145','592',"'1160453108d3e537255e9f7b931f4e90'),"
('593', 'guest','Scott  Jennifer C.','23222','593',"'341cd8064bf4c9916fd60639ee7a5a9b'),"
('594', 'guest','Bradley  Lewis R.','10531','594',"'b84a25d15d9d44f58640a485c1387df8'),"
('595', 'guest','Puckett  Ben U.','30608','595',"'e98370ec174883f36207c1cc2fb4dce1'),"
('596', 'guest','Sanchez  Allen A.','17917','596',"'23d03ac4112de862b36367b92a12104e'),"
('597', 'guest','Yang  Alex A.','5226','597',"'8726bb30dc7ce15023daa8ff8402bcfd'),"
('598', 'guest','Brantley  Jennifer R.','25303','598',"'1f8107db1348b9e5ddcf83489018a5d2'),"
('599', 'guest','Bunn  Doris U.','12612','599',"'1b31a4f23c784d5b162a3066fa9aaf4f'),"
('600', 'guest','Link  Jonathan I.','32689','600',"'36bb86abc354a875892de1a197002f5f'),"
('601', 'guest','Nguyen  Allan G.','19998','601',"'5f4f7141b65a730b4efb0e0d51f63e94'),"
('602', 'guest','Stephens  Shawn T.','7307','602',"'a1a527267c0d33a86382a03c4c721cd2'),"
('603', 'guest','Horne  Stephanie O.','27384','603',"'7fcbff32ba6970c5a98efe594b17c6a8'),"
('604', 'guest','Burton  Carol U.','14693','604',"'25989f1da5598dd89e7134affeca8697'),"
('605', 'guest','Diaz  Melanie I.','2002','605',"'4ba29b9f9e5732ed33761840f4ba6c53'),"
('606', 'guest','Berry  Samantha E.','22079','606',"'0406576f71bdf8cdb29942cd5c1548c7'),"
('607', 'guest','Knowles  Renee N.','9388','607',"'d58cc99982459ca8d73b89068f53e446'),"
('608', 'guest','Freeman  Cathy R.','29465','608',"'0fe38ee1a1a9c6bd953a5c27a5ca9258'),"
('609', 'guest','Hernandez  Heidi E.','16774','609',"'00126b47d5502dfb7d01f750ad23d813'),"
('610', 'guest','Roach  Gayle O.','4083','610',"'e1b90346c92331860b1391257a106bb1'),"
('611', 'guest','Hardison  Rita A.','24160','611',"'d61bc8a71e83b3799b433cf0b29a36e4'),"
('612', 'guest','Wolf  Jacob O.','11469','612',"'20337d9ceb6b6438f1195b399ed0a0e2'),"
('613', 'guest','Boyd  Steven O.','31546','613',"'c695c406dd17d2fc9dbfe917adaf9e33'),"
('614', 'guest','Caldwell  Tracy A.','18855','614',"'606f995415f7f3b809835d859aea00ea'),"
('615', 'guest','Mann  Eva A.','6164','615',"'2d5951d1e3b31dfb7fd2dcc172df17fd'),"
('616', 'guest','McLeod  Lorraine C.','26241','616',"'b62fc92a2561538525c89be63f36bf7b'),"
('617', 'guest','Stanton  Willie T.','13550','617',"'98f958ee1bb503e1fba9c90574ecbdb8'),"
('618', 'guest','Park  Joel A.','859','618',"'2a084e55c87b1ebcdaad1f62fdbbac8e'),"
('619', 'guest','Chang  Vanessa H.','20936','619',"'e61c7b2d4e0e9cdf707fbc671586e901'),"
('620', 'guest','Newton  Becky E.','8245','620',"'c9e5c2b59d98488fe1070e744041ea0e'),"
('621', 'guest','Phillips  Melinda H.','28322','621',"'d7903c4f5ae6da9780bc88cbb048d417'),"
('622', 'guest','Whitaker  Harvey H.','15631','622',"'dff224f2f1f589649628af6869b44c82'),"
('623', 'guest','Pitts  Lee I.','2940','623',"'8e930496927757aac0dbd2438cb3f4f6'),"
('624', 'guest','McLean  Aaron C.','23017','624',"'1a3bdfab1712e521f60a127020afac41'),"
('625', 'guest','Barton  Jack A.','10326','625',"'8b0bb3eff8c1e5bf7f206125959921d7'),"
('626', 'guest','Gould  Suzanne O.','30403','626',"'e3036fb3e0fd60ba20772f6325fa8f60'),"
('627', 'guest','Atkins  Katherine T.','17712','627',"'fed976a4672b5ad568fc569efdb02758'),"
('628', 'guest','Shapiro  Robyn H.','5021','628',"'2fd5d41ec6cfab47e32164d5624269b1'),"
('629', 'guest','Vincent  Julia I.','25098','629',"'1fe165377d4907f0ea45a5397520b85c'),"
('630', 'guest','Harrell  Bob A.','12407','630',"'2d661a763280f48803f3c9ba8ba0e00b'),"
('631', 'guest','Boswell  Brooke O.','32484','631',"'39e1057382425c5ceab4d8702ffdf7bd'),"
('632', 'guest','Lassiter  Janet A.','19793','632',"'6a07c2cd3a15b9a294e4a8bce65e472a'),"
('633', 'guest','Fisher  Kristen I.','7102','633',"'c9d9edbf9b9e23eb5d4819bbcce9b078'),"
('634', 'guest','Case  Jenny A.','27179','634',"'f76ac036826d99d8647e653d46bc965f'),"
('635', 'guest','Parsons  Jeanette A.','14488','635',"'827f9b2d5830e0cf3d3987cc9b575eec'),"
('636', 'guest','McPherson  Megan C.','1797','636',"'8d9fc2308c8f28d2a7d2f6f48801c705'),"
('637', 'guest','Wiley  Joel I.','21874','637',"'9137d1abcaf9bf4fa41416863f1d3ad1'),"
('638', 'guest','Schwartz  Don C.','9183','638',"'6f0ca67289d79eb35d19decbc0a08453'),"
('639', 'guest','McFarland  Florence C.','29260','639',"'772adb25675cbd86f93c5fe8eb6320e0'),"
('640', 'guest','Baker  Jon A.','16569','640',"'b3e59bceb1e975e5fc7f60bc079a65a0'),"
('641', 'guest','Holden  Annie O.','3878','641',"'9854d7afce413aa13cd0a1d39d0bcec5'),"
('642', 'guest','Hartman  Kent A.','23955','642',"'c3489537e72478d37e99d662c53be24b'),"
('643', 'guest','Schwartz  Eleanor C.','11264','643',"'a5481cd6d7517aa3fc6476dc7d9019ab'),"
('644', 'guest','Nguyen  Nina G.','31341','644',"'0c0e943e54b33403a001386b2c3da054'),"
('645', 'guest','Houston  Clara O.','18650','645',"'8286a932fdc96dc15d69fedad733e501'),"
('646', 'guest','Friedman  Bonnie R.','5959','646',"'010e406df2463597c58286a93f8b3160'),"
('647', 'guest','Adcock  Dwight D.','26036','647',"'93fb03efcd98ca5aa136ff9f761c9c2d'),"
('648', 'guest','Stephens  Angela T.','13345','648',"'57ed1337fe4fdf9c65ddaf8555a9a1bb'),"
('649', 'guest','McClure  Marion C.','654','649',"'ab233b682ec355648e7891e66c54191b'),"
('650', 'guest','Proctor  Curtis R.','20731','650',"'e06015c0688508d35fc02b0434cb7ce9'),"
('651', 'guest','Lang  Tammy A.','8040','651',"'544defa9fddff50c53b71c43e0da72be'),"
('652', 'guest','Berger  Gilbert E.','28117','652',"'6ca3f7acb8ab6c8ff6123d54c83ab844'),"
('653', 'guest','Aldridge  Edwin L.','15426','653',"'b1562246c02be63bac86a26684cdce58'),"
('654', 'guest','Davies  Emily A.','2735','654',"'1d49780520898fe37f0cd6b41c5311bf'),"
('655', 'guest','Wall  Hannah A.','22812','655',"'8bf3f860fa23e2eb4345c900d1b2e22f'),"
('656', 'guest','Miles  Ronald I.','10121','656',"'17df67628bb89193838f83015a3e7d30'),"
('657', 'guest','Bolton  Helen O.','30198','657',"'9f82b195b129c873424298c3285a2dc7'),"
('658', 'guest','Morgan  Barbara O.','17507','658',"'2365a4db507862569752334234a29b50'),"
('659', 'guest','Fisher  Milton I.','4816','659',"'cefb500a9f3d05511296a719cffb21cf'),"
('660', 'guest','Stephens  Anne T.','24893','660',"'9a1ecce2d381e29ac81279bdae9886bd'),"
('661', 'guest','Holmes  Lois O.','12202','661',"'8ae7733f9bc11275e8d0a0fdabe5be0a'),"
('662', 'guest','Ferrell  Dorothy E.','32279','662',"'f4667a2fccf527dad06cc706baf81a70'),"
('663', 'guest','Henry  Claire E.','19588','663',"'aca4e923047d412ce8059a0a910a8276'),"
('664', 'guest','Hedrick  Anita E.','6897','664',"'e32cc80bf07915058ce90722ee17bb71'),"
('665', 'guest','Horne  Ronald O.','26974','665',"'e3f116fa384be4ba078c279495ec8581'),"
('666', 'guest','Weiss  Allen E.','14283','666',"'8db66f2fc805310b86589bd1aeaa2cd7'),"
('667', 'guest','Singh  Zachary I.','1592','667',"'d72fbbccd9fe64c3a14f85d225a046f4'),"
('668', 'guest','Blalock  Kyle L.','21669','668',"'b83972e1aa62776ab9d15abf7ef6f387'),"
('669', 'guest','Aldridge  Seth L.','8978','669',"'61bfdc160e4c099203c72258d8825340'),"
('670', 'guest','Ritchie  Jeff I.','29055','670',"'16a766553d27e24a2ecb59dda7126dd8'),"
('671', 'guest','Grossman  Sandra R.','16364','671',"'a104b341c748a4acdf73629458440c0c'),"
('672', 'guest','Pugh  Jackie U.','3673','672',"'740a02d0786a4239a62076f650cd26da'),"
('673', 'guest','Olson  Audrey L.','23750','673',"'e4ad3061dc592b68a36c62b7681e2e0e'),"
('674', 'guest','Fernandez  Dana E.','11059','674',"'70431e77d378d760c3c5456519f06efe'),"
('675', 'guest','Arnold  Hazel R.','31136','675',"'e988d81b705df34d7735e84bdd0220f9'),"
('676', 'guest','Stanley  Joann T.','18445','676',"'4198f9d67624156e01306d74490fff41'),"
('677', 'guest','Field  Audrey I.','5754','677',"'0dbcf39d413231953d442f2f17f80cd5'),"
('678', 'guest','Farmer  Walter A.','25831','678',"'4efa2dce0e842cbc488548530dd8bf01'),"
('679', 'guest','Jernigan  Herbert E.','13140','679',"'3251b4976f4b163ea8a8eadc83115c49'),"
('680', 'guest','Bowers  Harold O.','449','680',"'d61e4bbd6393c9111e6526ea173a7c8b'),"
('681', 'guest','Crabtree  Sherry R.','20526','681',"'08a83ab0d6cfa10c7dc6844badeeb9de'),"
('682', 'guest','Crabtree  Jeanne R.','7835','682',"'62ce4772adc0fbeae29391fc0e22509c'),"
('683', 'guest','Clements  Rick L.','27912','683',"'81dd4df7529a4765132f4425191d1715'),"
('684', 'guest','Spivey  Kristen P.','15221','684',"'57b33ae6c0bf00c454900bea31d88893'),"
('685', 'guest','Archer  Patrick R.','2530','685',"'55a988dfb00a914717b3000a3374694c'),"
('686', 'guest','Owen  Sherri W.','22607','686',"'737d3708ec65e41cf504aee654131672'),"
('687', 'guest','Strickland  Herbert T.','9916','687',"'853573b5a907ed8b2f4fec25a92406a2'),"
('688', 'guest','Berg  Miriam E.','29993','688',"'4fd122953585783d1e67973850a79cde'),"
('689', 'guest','Gibbons  Maurice I.','17302','689',"'a41c706749e45f3720d5943351717fa3'),"
('690', 'guest','Warner  Sandy A.','4611','690',"'14f2ebeab937ca128186e7ba876faef9'),"
('691', 'guest','Bray  Shannon R.','24688','691',"'94ce2cad9b2bd35657418654408948ff'),"
('692', 'guest','Eason  Bradley A.','11997','692',"'e33d974aae13e4d877477d51d8bafdc4'),"
('693', 'guest','Hoover  Lester O.','32074','693',"'197b422c8f32c16605c5a4a1b25659b5'),"
('694', 'guest','Park  Tom A.','19383','694',"'60ee384f71a05167f32545420316582c'),"
('695', 'guest','Anderson  Chris N.','6692','695',"'b154e7b21b2ff0a14d96affa6d3fb958'),"
('696', 'guest','Li  Milton I.','26769','696',"'1adfb4bd48c63abb9cd5e5cb2311b319'),"
('697', 'guest','Elmore  Eugene L.','14078','697',"'803ae237d2df8bdde7bcbd872396d192'),"
('698', 'guest','Pearson  Ashley E.','1387','698',"'4fa7c62536118cc404dec4a0ca88d4f6'),"
('699', 'guest','Harper  Lois A.','21464','699',"'50806d9f6a9a340bcbd59d1f7ee5126c'),"
('700', 'guest','Chu  Annette H.','8773','700',"'48b454e539ea33c2028f007fd948336c'),"
('701', 'guest','Schultz  Jenny C.','28850','701',"'27a084143054dbde46bb43f0ccae1a55'),"
('702', 'guest','Black  Zachary L.','16159','702',"'116f7fad0fcd533f862692fddb0f0d3a'),"
('703', 'guest','Mitchell  Barry I.','3468','703',"'322f62469c5e3c7dc3e58f5a4d1ea399'),"
('704', 'guest','Sharp  Jerome H.','23545','704',"'a9ddacdd8891788c87fb2a7f31fa1ca0'),"
('705', 'guest','Glover  Cynthia L.','10854','705',"'03201ae30e1239054512737f608b91cf'),"
('706', 'guest','Cates  Marilyn A.','30931','706',"'ba5d35769aa3568f9333a89fa8796938'),"
('707', 'guest','Martin  Natalie A.','18240','707',"'fea427597536f3e21482196d31927037'),"
('708', 'guest','Lowry  Brenda O.','5549','708',"'f3f1fa1e4348bfbebdeee8c80a04c3b9'),"
('709', 'guest','Cooke  Marsha O.','25626','709',"'5e1fe0a89f56e5e59e057b49aae118bb'),"
('710', 'guest','Fink  William I.','12935','710',"'c8f1cc280396d04dd0da7a20529a0315'),"
('711', 'guest','Barrett  Gloria A.','244','711',"'9188905e74c28e489b44e954ec0b9bca'),"
('712', 'guest','Olson  Lester L.','20321','712',"'f6341b15960dc8f15b6d507a43bd2c00'),"
('713', 'guest','Melton  Vanessa E.','7630','713',"'fbaafc6ec0f0e70f1472122178b4a1a1'),"
('714', 'guest','Coley  Pauline O.','27707','714',"'5dc8b954ec4e47baffc64f98d496282c'),"
('715', 'guest','Mueller  Hannah U.','15016','715',"'7f808f3226c4a95302489cfc3778fde0'),"
('716', 'guest','Paul  Warren A.','2325','716',"'6c97cd07663b099253bc569fe8d342bb'),"
('717', 'guest','Daniel  Teresa A.','22402','717',"'1b9ff04ef832682d4712ece27487f84e'),"
('718', 'guest','Padgett  Joan A.','9711','718',"'5e632913bf096e49880cf8b92d53c9ad'),"
('719', 'guest','Daniels  Jonathan A.','29788','719',"'c6fc35734a1a498915984159907854e9'),"
('720', 'guest','Hayes  Denise A.','17097','720',"'e0f9db367e8733c2938c6cd1a86eef56'),"
('721', 'guest','Hines  Bobby I.','4406','721',"'ae87a54e183c075c494c4d397d126a66'),"
('722', 'guest','Pridgen  Erin R.','24483','722',"'a66b2ecb853ed5851a778f3e48ad59d5'),"
('723', 'guest','Stone  Harry T.','11792','723',"'93e687f26147261192bd29531e7ee675'),"
('724', 'guest','Hayes  Priscilla A.','31869','724',"'c53efb25385f33b9aaddf6bbc3b8bc33'),"
('725', 'guest','Harris  Renee A.','19178','725',"'81cfe170ac7703d5e029a3d2322caa64'),"
('726', 'guest','Walter  Bob A.','6487','726',"'d5b3d8dadd770c460b1cde910a711987'),"
('727', 'guest','Woods  Julian O.','26564','727',"'d690d0cd274a05efe2a0a58dac0d9461'),"
('728', 'guest','Jennings  Annie E.','13873','728',"'827cf4bc2f28f73e24c151cad3be7567'),"
('729', 'guest','Lopez  Wendy O.','1182','729',"'f47330643ae134ca204bf6b2481fec47'),"
('730', 'guest','McCarthy  Bernard C.','21259','730',"'ed86eaf4f8b892e9f596c77943561db3'),"
('731', 'guest','Frederick  Alvin R.','8568','731',"'1a336426e09602a4f0118326dd6c72ac'),"
('732', 'guest','Lopez  Denise O.','28645','732',"'15bffa22eafc325bb53266ecefb25d5c'),"
('733', 'guest','Scarborough  Gary C.','15954','733',"'26dd3e3520fb7e479ba6e8f53f150d10'),"
('734', 'guest','Brandt  Oscar R.','3263','734',"'f8037f94e53f17a2cc301033ca86d278'),"
('735', 'guest','Nolan  Nina O.','23340','735',"'5b774adc5ebc68abbd976c852cee460a'),"
('736', 'guest','Chandler  Ann H.','10649','736',"'b93f552915e01e40fb9b66d6fd114f7b'),"
('737', 'guest','Carlton  Shirley A.','30726','737',"'ba368424b735e1761bc78ea814268bc3'),"
('738', 'guest','Katz  Joanne A.','18035','738',"'3ae61e77e832062a4e9ce4956b303937'),"
('739', 'guest','Parrott  Patsy A.','5344','739',"'73f95ee473881dea4afd89c06165fa66'),"
('740', 'guest','Corbett  Franklin O.','25421','740',"'29e3808cfcf435dea788d9da1c245d03'),"
('741', 'guest','Godfrey  Bradley O.','12730','741',"'b3838cfdff817012e272d58544513c44'),"
('742', 'guest','Cooke  Marguerite O.','39','742',"'d67d8ab4f4c10bf22aa353e27879133c'),"
('743', 'guest','Pate  Sherri A.','20116','743',"'456414ddfffd645d272538bcf3950609'),"
('744', 'guest','Barber  Dorothy A.','7425','744',"'966aad8981dcc75b5b8ab04427a833b2'),"
('745', 'guest','Fletcher  Brent L.','27502','745',"'dace0df7d1842118ada1b2757cdfa55e'),"
('746', 'guest','Schroeder  Regina C.','14811','746',"'2e11fe8529da207b7f069d6477a41368'),"
('747', 'guest','Lindsay  Calvin I.','2120','747',"'44cd7a8f7f9f85129b9953950665064d'),"
('748', 'guest','Boswell  Gilbert O.','22197','748',"'8b9a21934e5eb0b7f177bce0589c1b3d'),"
('749', 'guest','Buckley  Wesley U.','9506','749',"'babcff88f8be8c4795bd6f0f8cccca61'),"
('750', 'guest','Harmon  Erika A.','29583','750',"'84543ef19503939d36bf0cda6d512ffd'),"
('751', 'guest','Walters  Don A.','16892','751',"'0a187866618ca3049030ec5014860ae8'),"
('752', 'guest','Stevens  Ethel T.','4201','752',"'0530e22dea41e24a039563139cdc215e'),"
('753', 'guest','Knight  Rodney N.','24278','753',"'46ec3ee8c6ef686a945d04daf92927f3'),"
('754', 'guest','Rowland  Dennis O.','11587','754',"'e9f85782949743dcc42079e629332b5f'),"
('755', 'guest','Lindsay  Zachary I.','31664','755',"'3484575740e7d74362f6a1ab0ac89a50'),"
('756', 'guest','Bowling  Harriet O.','18973','756',"'6ab29d857e78e64e3ad7b59560c8b1b4'),"
('757', 'guest','Kirby  Amanda I.','6282','757',"'c2073ffa77b5357a498057413bb09d3a'),"
('758', 'guest','Benson  Jose E.','26359','758',"'b4cea765d2297b73222e8b57beae5a18'),"
('759', 'guest','Anthony  Lynn N.','13668','759',"'db4195f88b8dae852e94bfcf0f2cc0b9'),"
('760', 'guest','Dunn  Shelley U.','977','760',"'cc1aa436277138f61cda703991069eaf'),"
('761', 'guest','Hill  Mike I.','21054','761',"'79eaddfac4d679d6cc0d9b07456c4ae1'),"
('762', 'guest','Lang  Laurence A.','8363','762',"'e6ed5dacbfe60a3ea12e24759d7d5647'),"
('763', 'guest','Grimes  Amanda R.','28440','763',"'d79af587a459b1a0ae549a11190e0853'),"
('764', 'guest','Bowers  Bernard O.','15749','764',"'3356717f5c9bf6424852e1520a77e503'),"
('765', 'guest','Bowden  Janice O.','3058','765',"'3f5ee243547dee91fbd053c1c4a845aa'),"
('766', 'guest','Underwood  Hazel N.','23135','766',"'b686adaf81d4411bdd309a48fcea9954'),"
('767', 'guest','Zhang  Luis H.','10444','767',"'e32c6c0d76c602ec48a1ec030982eb85'),"
('768', 'guest','Godwin  Ralph O.','30521','768',"'da30abd72c78b3be45f80c65fb9eb2ad'),"
('769', 'guest','Rice  Geraldine I.','17830','769',"'94e19ae9b74d13ad42e20407ffe4d95d'),"
('770', 'guest','Townsend  Claire O.','5139','770',"'69f62956429865909921fa916d61c1f8'),"
('771', 'guest','Lin  Jeanne I.','25216','771',"'fbe6d597571bb896e706cc540d4027d9'),"
('772', 'guest','Pitts  Willie I.','12525','772',"'13b0c579c1bdc8439ab3de83b480ccf6'),"
('773', 'guest','Koch  Alfred O.','32602','773',"'e143deaaa05532392f9ab5ca2af8fd2c'),"
('774', 'guest','Callahan  Eddie A.','19911','774',"'3dec92684ec4d9ff7e650633660f7817'),"
('775', 'guest','Long  Christopher O.','7220','775',"'bd4828247647544af24a15ac79a1ef9f'),"
('776', 'guest','Norton  Phyllis O.','27297','776',"'01e7219dab30cef10e299f3b57eb01ca'),"
('777', 'guest','Blackburn  Peggy L.','14606','777',"'2f803d26ce47b9f9de9af69e5b73e3d1'),"
('778', 'guest','O''Connell  Elaine ''.','1915','778',"'b432f34c5a997c8e7c806a895ecc5e25'),"
('779', 'guest','Bowling  Jason O.','21992','779',"'71541653edfd81ee0ae62fb1fd1be011'),"
('780', 'guest','Robinson  Neal O.','9301','780',"'42ba513c42a0fd6558aa44b1de658140'),"
('781', 'guest','Pritchard  Diana R.','29378','781',"'3ee8a2374ccd73f8df678c0e9e6b6a91'),"
('782', 'guest','Lawson  Nina A.','16687','782',"'12e369da0630f39bda204840c316a6ed'),"
('783', 'guest','Dickerson  Maxine I.','3996','783',"'43e04dd08bb1305428b0c9c8d8a2660a'),"
('784', 'guest','Livingston  Ted I.','24073','784',"'33c192a4c5e4534a10a0f8176afd7d1d'),"
('785', 'guest','Hansen  Allen A.','11382','785',"'cb3213ada48302953cb0f166464ab356'),"
('786', 'guest','Berman  Gordon E.','31459','786',"'93975f35e2b50d0bc399f9b5db16c9d5'),"
('787', 'guest','Carroll  Billy A.','18768','787',"'edc250903655029fe0bef183aa4de288'),"
('788', 'guest','Kearney  Veronica E.','6077','788',"'58182b82110146887c02dbd78719e3d5'),"
('789', 'guest','Peterson  Hazel E.','26154','789',"'a570ce8ae1bfa0a0956b71327be50ce3'),"
('790', 'guest','Richards  Eddie I.','13463','790',"'0bbeaf0242180c8abffb2b8dada5a9e4'),"
('791', 'guest','Sutherland  Katherine U.','772','791',"'e57c6b956a6521b28495f2886ca0977a'),"
('792', 'guest','McCormick  William C.','20849','792',"'d3036eaa59b31dade3e8ef4916a3e821'),"
('793', 'guest','Beach  Nina E.','8158','793',"'7ae26cbe9586dea7d1f0fa372aa86811'),"
('794', 'guest','Wu  Ben U.','28235','794',"'408e9a2230d37f5dc50fe7c5a03322c1'),"
('795', 'guest','Hunt  Frances U.','15544','795',"'a1255c9dbdcd635143d172dee1b8c0fe'),"
('796', 'guest','Carver  Thelma A.','2853','796',"'d3aeec875c479e55d1cdeea161842ec6'),"
('797', 'guest','Anthony  Dennis N.','22930','797',"'dc80df84c09ee9d090df898030eb0b46'),"
('798', 'guest','Livingston  Christina I.','10239','798',"'1e9491470749d5b0e361ce4f0b24d037'),"
('799', 'guest','Floyd  James L.','30316','799',"'8fc30966df18b68dc8181947fa6400ea'),"
('800', 'guest','McCall  Frederick C.','17625','800',"'2cd2e570d324ece8ff21b15d1fbe3db3'),"
('801', 'guest','Haynes  Alfred A.','4934','801',"'4dc3ed26a29c9c3df3ec373524377a5b'),"
('802', 'guest','Gunter  Oscar U.','25011','802',"'68e3bf852693ad8a72f32fdfe50dc6d4'),"
('803', 'guest','Solomon  Joanne O.','12320','803',"'0c620bcfc2a979fe9f22acbe0019f276'),"
('804', 'guest','Harris  Richard A.','32397','804',"'65d6b3b69c9122e98cfb9c6487f8438c'),"
('805', 'guest','Cline  Christine L.','19706','805',"'dcbf892ffba18a236df0b13608350aa9'),"
('806', 'guest','McKay  Theodore C.','7015','806',"'885fe656777008c335ac96072a45be15'),"
('807', 'guest','Braun  Jack R.','27092','807',"'426281d73409354c214025722c6160a8'),"
('808', 'guest','Preston  Rhonda R.','14401','808',"'e6d55909288334ee7ca5c2405235661c'),"
('809', 'guest','Hayes  Beth A.','1710','809',"'5a142a55461d5fef016acfb927fee0bd'),"
('810', 'guest','Burnette  Douglas U.','21787','810',"'70431822025c237eddc9145838fc7046'),"
('811', 'guest','Finch  Joe I.','9096','811',"'3ebd728de6fa78aa8bc932e9abece9c0'),"
('812', 'guest','Levine  Sue E.','29173','812',"'222aaac522b686a196dc52372498ac8f'),"
('813', 'guest','Lynch  Dennis Y.','16482','813',"'6cf7e97db3595534ba7691cdc074c2a5'),"
('814', 'guest','Simpson  Sandra I.','3791','814',"'690bb330e5e7e3e07867fafc4d32ec82'),"
('815', 'guest','Galloway  Julie A.','23868','815',"'d24fb9e15b6e0464c336856ec4c69cc0'),"
('816', 'guest','Dickson  Henry I.','11177','816',"'296b62d0af509baab599abe4af78ae8c'),"
('817', 'guest','Murphy  Vernon U.','31254','817',"'f0f717dbbabbabab1a26beaf06fc3438'),"
('818', 'guest','Cannon  Lloyd A.','18563','818',"'1dc7f3464a4839e6009992502eabb7a1'),"
('819', 'guest','Fleming  Chris L.','5872','819',"'94f192dee566b018e0acf31e1f99a2d9'),"
('820', 'guest','Hanson  George A.','25949','820',"'9afad4c3fe50b3ea745831dcabdbccd5'),"
('821', 'guest','Blackwell  Warren L.','13258','821',"'953bd83cb0b9c9f9dc4b3ba0bfc1b236'),"
('822', 'guest','Zimmerman  Connie I.','567','822',"'99c5e07b4d5de9d18c350cdf64c5aa3d'),"
('823', 'guest','Dyer  Theresa Y.','20644','823',"'b98b76db555804ba9abb7316c858aabe'),"
('824', 'guest','Greenberg  Harvey R.','7953','824',"'e37d015e5d80348a275284efacdb6db5'),"
('825', 'guest','Quinn  Janet U.','28030','825',"'fca02d37f2e8afc58148dfdd93d0faf3'),"
('826', 'guest','Sullivan  Charlene U.','15339','826',"'745632d79a8e9f602291a574bebda38d'),"
('827', 'guest','Stanley  Gayle T.','2648','827',"'eb06b9db06012a7a4179b8f3cb5384d3'),"
('828', 'guest','Hendrix  Julian E.','22725','828',"'52f244f9df0168a1f9b62b9e17b3e963'),"
('829', 'guest','Barber  Paula A.','10034','829',"'b2fb19fe374529d3658197da0657ab0c'),"
('830', 'guest','High  Geraldine I.','30111','830',"'f7370a6dcf0258acd5d76f594612c249'),"
('831', 'guest','Pickett  Constance I.','17420','831',"'80b912d8d81919969ccab0080ddd8e2f'),"
('832', 'guest','Copeland  Brian O.','4729','832',"'a425170bf40e8d6ee473b271d96dae18'),"
('833', 'guest','Beck  Vivian E.','24806','833',"'59af62180b0d04edd54a5f5ace7fb433'),"
('834', 'guest','McKenna  Kim C.','12115','834',"'1764183ef03fc7324eb58c3842bd9a57'),"
('835', 'guest','King  Sarah I.','32192','835',"'0729480724847e6fde22501c8360f5af'),"
('836', 'guest','Stone  Holly T.','19501','836',"'0c04c03add2634d3383b6eeb80246821'),"
('837', 'guest','Benton  Brett E.','6810','837',"'4f1927fff6e092185d6a6f4c8466e421'),"
('838', 'guest','Boyette  Frances O.','26887','838',"'bd11d7018e63948d8b6b0ee49be03cfc'),"
('839', 'guest','Byers  Phyllis Y.','14196','839',"'40195594f1244e7ec627b1c6a5a35585'),"
('840', 'guest','Cook  Gwendolyn O.','1505','840',"'0c9ebb2ded806d7ffda75cd0b95eb70c'),"
('841', 'guest','Nixon  Carl I.','21582','841',"'571dea3eb9d4d24c6194ef17c91cda79'),"
('842', 'guest','Mayo  Marianne A.','8891','842',"'5747a0021eb349e9c8d3667cf1a5e9ec'),"
('843', 'guest','Hardison  Gayle A.','28968','843',"'1b3c1623c5c98ad8549b8f62670d1f52'),"
('844', 'guest','Marks  Jim A.','16277','844',"'39f17b08bc22bba8afa2792d4089de92'),"
('845', 'guest','Ball  Lynda A.','3586','845',"'224e5e49814ca908e58c02e28a0462c1'),"
('846', 'guest','Kirk  Thomas I.','23663','846',"'991b499bc45394c77e00daa945bf9353'),"
('847', 'guest','Cooke  Natalie O.','10972','847',"'234b941e88b755b7a72a1c1dd5022f30'),"
('848', 'guest','Sutton  Brooke U.','31049','848',"'e24a7e4c9715fa19e1a9ca41ab05f050'),"
('849', 'guest','Gibson  Darlene I.','18358','849',"'d926f01bf79efe88c67b87d5fbc16bb1'),"
('850', 'guest','Haynes  Lloyd A.','5667','850',"'c34a7191f6e9948068b83e7179ea3da8'),"
('851', 'guest','Klein  Sherri L.','25744','851',"'f9423e68b6d0a7bf46aca6b07d4d2f32'),"
('852', 'guest','Tyson  Ruth Y.','13053','852',"'6e212075e04d1616b06a5e1398e10053'),"
('853', 'guest','Payne  Vicki A.','362','853',"'c3e878e27f52e2a57ace4d9a76fd9acf'),"
('854', 'guest','Francis  Nelson R.','20439','854',"'deceadecf04167f28d3e92a743dca071'),"
('855', 'guest','Roth  Courtney O.','7748','855',"'440e7c3eb9bbcd4c33c3535354a51605'),"
('856', 'guest','Nixon  Claude I.','27825','856',"'678b164af814e464da11645ecc25bc28'),"
('857', 'guest','Coble  Louise O.','15134','857',"'ddec934249242ab41b559efc58a8ecde'),"
('858', 'guest','Walters  Vivian A.','2443','858',"'24e27b869b66e9e62724bd7725d5d9c1'),"
('859', 'guest','Hewitt  Marcia E.','22520','859',"'a5ad96aaa66880f3fae475fa926781d2'),"
('860', 'guest','Langley  Amy A.','9829','860',"'bbfb937a66597d9646ad992009aee405'),"
('861', 'guest','Scott  Chris C.','29906','861',"'7609cb245858fd9cdafcb5f5e1de6602'),"
('862', 'guest','Willis  Edgar I.','17215','862',"'f5e0906e0da1a657230cf930de854408'),"
('863', 'guest','Denton  Willie E.','4524','863',"'37bf8bb245c5ae952fb107153f18958f'),"
('864', 'guest','Daly  Renee A.','24601','864',"'7ece221bf3f5dbddbe3c2770ac19b419'),"
('865', 'guest','Lam  Robyn A.','11910','865',"'4883eb035654015a505873cecfb93c1c'),"
('866', 'guest','Fox  Patrick O.','31987','866',"'7909706a139205d2861549e24ac45dda'),"
('867', 'guest','Franklin  Wade R.','19296','867',"'fcba6537741bf200fd2d7e965afd9770'),"
('868', 'guest','McIntosh  Courtney C.','6605','868',"'b7f91ee1b94f1ed3dbb2959607f4b784'),"
('869', 'guest','Tyler  Bonnie Y.','26682','869',"'3d10d676a6039b5ee9f81d9381ea3afa'),"
('870', 'guest','Hanna  Douglas A.','13991','870',"'7207cc49aa823ca90c015aacf4e9c161'),"
('871', 'guest','Davenport  Neal A.','1300','871',"'6f3e29a35278d71c7f65495871231324'),"
('872', 'guest','Barton  Scott A.','21377','872',"'c7cca85fb808ff22d4196d92a56b94a0'),"
('873', 'guest','Chambers  Justin H.','8686','873',"'8d4112ce0aabe7aeef422c136a222624'),"
('874', 'guest','Thomas  Debra H.','28763','874',"'52e56b822322cbc9dc33606cfc3edd1c'),"
('875', 'guest','Arthur  Norman R.','16072','875',"'4d2356339f13e4b3d5aec55ba88a6019'),"
('876', 'guest','Law  Audrey A.','3381','876',"'6e16656a6ee1de7232164767ccfa7920'),"
('877', 'guest','Coley  Franklin O.','23458','877',"'fabeb9b0fc389628ee3b9897132947c0'),"
('878', 'guest','Vaughn  Chris A.','10767','878',"'3f7f7794da20d537bf1da2e615ce82e5'),"
('879', 'guest','Case  Bobby A.','30844','879',"'d467193baadf3ec5f1d18d0757525712'),"
('880', 'guest','Reed  Karen E.','18153','880',"'409072cb60e202d2797a91e395909240'),"
('881', 'guest','Hardy  Carl A.','5462','881',"'d63c4a5e9b600279c3da776f6113a400'),"
('882', 'guest','Beatty  Yvonne E.','25539','882',"'5683495c01530bccb72168dc75a983f1'),"
('883', 'guest','Dale  Henry A.','12848','883',"'b8c4464e7ee7dc326d7807a8549e449f'),"
('884', 'guest','Russell  Danielle U.','157','884',"'6c4b761a28b734fe93831e3fb400ce87'),"
('885', 'guest','Whitley  Allison H.','20234','885',"'46a731f4af282372a4097ba1e4d76b95'),"
('886', 'guest','Curry  Guy U.','7543','886',"'a62178a8e59f8331e1cb4f057cbf0a55'),"
('887', 'guest','McNeill  Caroline C.','27620','887',"'78e54f68143ff325ed05244eb2cd0172'),"
('888', 'guest','Franklin  Tammy R.','14929','888',"'5243958a762063341dc82d2bbf0f5f33'),"
('889', 'guest','Lindsay  Caroline I.','2238','889',"'2952351097998ac1240cb2ab7333a3d2'),"
('890', 'guest','Casey  Hannah A.','22315','890',"'6b5fe66046d3b7a976474329e9c4f781'),"
('891', 'guest','Meadows  Sharon E.','9624','891',"'264939da0c6ae8ee7e5fc5b434a4024e'),"
('892', 'guest','Casey  Ricky A.','29701','892',"'49de010bfd34f149fc319dd839707a36'),"
('893', 'guest','Love  Gene O.','17010','893',"'1345df26413e5a97ce4bddd35cad74b8'),"
('894', 'guest','Fitzpatrick  Frances I.','4319','894',"'8e1ad7941398486f8cede7799b886b58'),"
('895', 'guest','Mann  Sean A.','24396','895',"'aa4a4685b7c6888c2a07ef003e29926b'),"
('896', 'guest','Knowles  Florence N.','11705','896',"'f4380fd29ac34f2610014e8361d088fb'),"
('897', 'guest','Hale  Thelma A.','31782','897',"'660bc121513a9d5442e97c5cef85786e'),"
('898', 'guest','Carlson  Christian A.','19091','898',"'d26f2e40e165eba24032e5767061c60c'),"
('899', 'guest','Barefoot  Jordan A.','6400','899',"'d6dabcc412981d56c8733b52586a9d44'),"
('900', 'guest','Warren  Jessica A.','26477','900',"'b42642e0e25d857ec10edd4bae859d1b'),"
('901', 'guest','Nelson  Lynne E.','13786','901',"'4c038c24158aa04f63a0ddf71c462716'),"
('902', 'guest','Lancaster  Anita A.','1095','902',"'d6723e7cd6735df68d1ce4c704c29a04'),"
('903', 'guest','Kay  Jill A.','21172','903',"'f2219a7d1d1420aa24b7bed93275510e'),"
('904', 'guest','Burgess  Nathan U.','8481','904',"'234e5dc39dc52740524f9d863bec963c'),"
('905', 'guest','Fitzpatrick  Brenda I.','28558','905',"'3bbb55bc5148f3def11dae1432bf7321'),"
('906', 'guest','Davies  Kathleen A.','15867','906',"'19e321d9f307ccfc1c37106191cbbc74'),"
('907', 'guest','Moran  Randall O.','3176','907',"'59dfa2df42d9e3d41f5b02bfc32229dd'),"
('908', 'guest','Ashley  Carole S.','23253','908',"'71416c0cccf03457e0b1ad83059a9e68'),"
('909', 'guest','Caldwell  Penny A.','10562','909',"'5a5a2994bba00e071d152145344b741d'),"
('910', 'guest','Kelley  Megan E.','30639','910',"'78d7ed505d7e3ea21b2479fa7c1503d8'),"
('911', 'guest','Mack  Cynthia A.','17948','911',"'95f0ad1e97ff725ea4a2e6bd761a83f1'),"
('912', 'guest','Reilly  Maria E.','5257','912',"'3dde889723e33ace6af907cd5cc8e187'),"
('913', 'guest','Copeland  Lucy O.','25334','913',"'9ec80d58ed3495c213848b3957cf8ea1'),"
('914', 'guest','Love  Sheryl O.','12643','914',"'08b1366504a4a5a1e679e2eaad38b595'),"
('915', 'guest','Conrad  Lucille O.','32720','915',"'e7a7ba56b1be30e178cd52820e063396'),"
('916', 'guest','Padgett  Warren A.','20029','916',"'cc0c03944d54e6fb0a27aa25d3c43dfc'),"
('917', 'guest','Poole  Gary O.','7338','917',"'23c894276a2c5a16470e6a31f4618d73'),"
('918', 'guest','McKinney  Leah C.','27415','918',"'624f9da624e85b501a40c03730f6ba83'),"
('919', 'guest','Sawyer  Lewis A.','14724','919',"'b4c174fbc208372a8facfe462868ebf1'),"
('920', 'guest','Dalton  Guy A.','2033','920',"'a5a61717dddc3501cfdf7a4e22d7dbaa'),"
('921', 'guest','Carey  Maria A.','22110','921',"'ac1c2b3ad86031575744ea1de5d4cddc'),"
('922', 'guest','Stuart  Maria T.','9419','922',"'e3f3064ac424a80e0abec999e9ac6d17'),"
('923', 'guest','Bowles  Maureen O.','29496','923',"'5cd338743288fdb62b74ee279d51bf93'),"
('924', 'guest','Singleton  Gina I.','16805','924',"'9c99222b30e0425ea2f141f9e364d793'),"
('925', 'guest','Britt  Todd R.','4114','925',"'ab24cd2b811ee48a416fc7a833d736a9'),"
('926', 'guest','Owens  Katherine W.','24191','926',"'b4839d20c9a13ccf4a0a61b863bdd56c'),"
('927', 'guest','Davenport  Lillian A.','11500','927',"'bdcb5c740603615e28537070b93f9c26'),"
('928', 'guest','Cox  Jennifer O.','31577','928',"'ce65aa143183d7336a8e77d192e7e44e'),"
('929', 'guest','Barton  Jeff A.','18886','929',"'b63da8791907b9600ec41330019f1459'),"
('930', 'guest','Cooke  Jerome O.','6195','930',"'03c874ab55baa3c1f835d108415fac44'),"
('931', 'guest','Tilley  Greg I.','26272','931',"'f1037e48fb24a77a55dc0b9ab2f67f66'),"
('932', 'guest','Pugh  Stacy U.','13581','932',"'117cdc17fa822afc77008dd9ba74b6af'),"
('933', 'guest','Schultz  Joel C.','890','933',"'024d7f84fff11dd7e8d9c510137a2381'),"
('934', 'guest','Connor  Shannon O.','20967','934',"'99a03297cd334305eeb21e19bf0ad056'),"
('935', 'guest','Herbert  Oscar E.','8276','935',"'10cc088a48f313ab3b1f4e6e76353dd4'),"
('936', 'guest','Aycock  Tina Y.','28353','936',"'d6aa56c3cd6341dd6c3ab5757a5e103b'),"
('937', 'guest','Barry  Randy A.','15662','937',"'8eafcde359d51e3e5386f19516e4ea65'),"
('938', 'guest','Bishop  Claire I.','2971','938',"'af44c4c56f385c43f2529f9b1b018f6a'),"
('939', 'guest','Garrett  Tony A.','23048','939',"'174ef86b57d96cc97c185dfcdaf12858'),"
('940', 'guest','Bailey  Sidney A.','10357','940',"'f52166cd701447355be87cbf41d31ca4'),"
('941', 'guest','Riddle  Tracy I.','30434','941',"'9e29fd3777fb2934d59a9522b5bfa87b'),"
('942', 'guest','Sawyer  Anna A.','17743','942',"'d5a4eb6752402a76b54dc91c36852ca8'),"
('943', 'guest','Burnett  Luis U.','5052','943',"'86b48b560a92d18429bcfca2c70ee733'),"
('944', 'guest','Boyette  Mary O.','25129','944',"'3393355454eebbeb6857ffa079e431ca'),"
('945', 'guest','McKenzie  Alfred C.','12438','945',"'40b5c8b6d8b88afbe7ab4a75ba11f9f2'),"
('946', 'guest','Sinclair  Dianne I.','32515','946',"'039b28c0e2a52524890797e9e0f29899'),"
('947', 'guest','Cannon  Keith A.','19824','947',"'3f5d4760ffc7f8a1da5fc490022a9f58'),"
('948', 'guest','Freeman  Leah R.','7133','948',"'adf7e293599134777339fdc40ddfa818'),"
('949', 'guest','Wallace  Marc A.','27210','949',"'817bc5291463f8c993dd1d46eca2bd0d'),"
('950', 'guest','Gilbert  Vickie I.','14519','950',"'2d10de96803114d3a4784f01785ecaf9'),"
('951', 'guest','McNamara  Ross C.','1828','951',"'4496bf24afe7fab6f046bf4923da8de6'),"
('952', 'guest','Mullen  Roy U.','21905','952',"'6e315707bfe8c9809f10e7336a2455a2'),"
('953', 'guest','Bradshaw  Judy R.','9214','953',"'a18aa23ee676d7f5ffb34cf16df3e08c'),"
('954', 'guest','Hinson  Kimberly I.','29291','954',"'29e055ad65e83cc5d56f5481d543b67d'),"
('955', 'guest','Jordan  Helen O.','16600','955',"'118d579a49f315ad23ee0ef10f564bdc'),"
('956', 'guest','Berger  Greg E.','3909','956',"'4175a4b46a45813fccf4bd34c779d817'),"
('957', 'guest','Upchurch  Tracey P.','23986','957',"'d7b1c47b71f171fef9e08f241c46f8c3'),"
('958', 'guest','Bowers  Danny O.','11295','958',"'a7e272202d38f212dcdc3978bcb70a6f'),"
('959', 'guest','Allison  Christy L.','31372','959',"'2990a21222c7eeb833f2fdf82aacf400'),"
('960', 'guest','Alexander  Dorothy L.','18681','960',"'e633725b1ff30de3c9fd8212087f931b'),"
('961', 'guest','Coley  Charles O.','5990','961',"'3cba81c5c6cac4ce77157631fc2dc277'),"
('962', 'guest','Riley  Malcolm I.','26067','962',"'e1d55a1caf2d7b5c0c88fd76b8df2141'),"
('963', 'guest','O''Brien  Emily ''.','13376','963',"'b3aa19fe9dc706a3b4cdaa8ddb37d852'),"
('964', 'guest','Vaughan  Randall A.','685','964',"'3328bdf9a4b9504b9398284244fe97c2'),"
('965', 'guest','Hartman  Stacey A.','20762','965',"'097a50cc176aaa176878e315f72fde85'),"
('966', 'guest','Chung  Gene H.','8071','966',"'82138b11a724b94d18df2e083d8b7b55'),"
('967', 'guest','Fischer  Bob I.','28148','967',"'3eb1c847b742640fd6c2ae1853d0e313'),"
('968', 'guest','Sellers  Regina E.','15457','968',"'72d5065b689d9e7bd75c71a62f1d5d55'),"
('969', 'guest','Montgomery  Jeanette O.','2766','969',"'045cf83ab0722e782cf72d14e44adf98'),"
('970', 'guest','Snow  Judith N.','22843','970',"'cc2933d7ced9d1be040d2167ebaf0540'),"
('971', 'guest','McKnight  Megan C.','10152','971',"'50698c07f91c611904a467b4892806a2'),"
('972', 'guest','McMahon  Betsy C.','30229','972',"'c105ca8b5f446bfd69de73e75defe1ac'),"
('973', 'guest','Chu  Chris H.','17538','973',"'ba01baa4856d494a66a0d5eca39f5418'),"
('974', 'guest','Crews  Cheryl R.','4847','974',"'038d5463327addf90d282c35be4c5eb1'),"
('975', 'guest','Sharma  Vickie H.','24924','975',"'4f9959469b99179f25fd5cf84f4cde62'),"
('976', 'guest','Puckett  Marion U.','12233','976',"'b53086d558f1127993271e8c504ded45'),"
('977', 'guest','Pappas  Katharine A.','32310','977',"'0183e4f6ecf3efd66438a27cb4ec2d68'),"
('978', 'guest','Sharpe  Neil H.','19619','978',"'846f87c3be78ef2dbb46bad3d6ec911f'),"
('979', 'guest','Olson  Eileen L.','6928','979',"'20c1945eae4b9868cbbfd09675f7d76e'),"
('980', 'guest','Desai  Lester E.','27005','980',"'5aafc3f70332f6e42228be384d3c4f01'),"
('981', 'guest','Bowden  Suzanne O.','14314','981',"'8a6cb96eabdd2be1fe1e8bf4043d385f'),"
('982', 'guest','Hardy  Teresa A.','1623','982',"'fc528592c3858f90196fbfacc814f235'),"
('983', 'guest','Stuart  Edgar T.','21700','983',"'6cf8912022f697ca81e17e33dc2993e6'),"
('984', 'guest','Branch  Ann R.','9009','984',"'ddf354219aac374f1d40b7e760ee5bb7'),"
('985', 'guest','Harrell  Anna A.','29086','985',"'b2a4e73b05f071e8167cb2ff945a2ffa'),"
('986', 'guest','Bowman  Jeanette O.','16395','986',"'9e36d5294d8f32155b8178bb26fd024c'),"
('987', 'guest','Hubbard  Christina U.','3704','987',"'9308b0d6e5898366a4a986bc33f3d3e7'),"
('988', 'guest','Nash  Marcus A.','23781','988',"'5ecc8c3764f3a67054971fce2dd566b4'),"
('989', 'guest','Wolfe  Tara O.','11090','989',"'5839ddf15d7eafa3befa98544d2c1e9d'),"
('990', 'guest','Warren  Guy A.','31167','990',"'020995e82b0c56ec52f28dd7de3bb145'),"
('991', 'guest','Brock  Albert R.','18476','991',"'4191992c18a06a78886b230886197d9b'),"
('992', 'guest','Clarke  Mark L.','5785','992',"'51425b752a0b402ed3effc83fc4bbb74'),"
('993', 'guest','Leach  Dean E.','25862','993',"'4027eb61381d305455b47f9404266be3'),"
('994', 'guest','Raynor  Tracy A.','13171','994',"'d6514676989f92a818f029bbc25b7110'),"
('995', 'guest','Hardy  Courtney A.','480','995',"'6ea2ef7311b482724a9b7b0bc0dd85c6'),"
('996', 'guest','Stephens  Martin T.','20557','996',"'2478f263ea867250ce8fcbfd57c06fe4'),"
('997', 'guest','Hester  Martin E.','7866','997',"'1963bd5135521d623f6c29e6b1174975'),"
('998', 'guest','Murphy  Marian U.','27943','998',"'f428ed8209a04774dd294d6dc12ae201'),"
('999', 'guest','Capps  Elsie A.','15252','999',"'090afe0d4abb5dfdccb84641fe115680'),"
('1000', 'guest','McCormick  Kim C.','2561','1000',"'59eb5dd36914c29b299c84b7ddaf08ec'),"
